molecule_chembl_id,activity_value_nm,activity_type,relation,smiles,heavy_atoms
CHEMBL4105008,0.15,IC50,=,O=C(CSc1nnc(Nc2ccccc2)s1)N/N=C/c1ccc(-c2ccccc2Cl)o1,31
CHEMBL218490,0.18,IC50,=,CCN[C@H]1C[C@H](C)S(=O)(=O)c2sc(S(N)(=O)=O)cc21,19
CHEMBL4100496,0.19,IC50,=,O=C(CSc1nnc(Nc2ccccc2)s1)N/N=C/c1ccc(-c2ccc(Cl)cc2)o1,31
CHEMBL1788291,0.2,IC50,=,CCN[C@H]1CCS(=O)(=O)c2sc(S(N)(=O)=O)cc21.Cl,19
CHEMBL304757,0.2,Ki,=,Nc1c(F)cc(S(=O)(=O)Nc2nnc(S(N)(=O)=O)s2)cc1Br,22
CHEMBL140110,0.2,Ki,=,NS(=O)(=O)c1nc2ccc(NS(=O)(=O)c3c(F)c(F)c(F)c(F)c3F)cc2s1,28
CHEMBL4081323,0.287,IC50,=,O=C(CSC(=S)NN1CCOCC1)NCc1ccc2c(c1)OCO2,24
CHEMBL138253,0.3,Ki,=,Cn1nc(S(N)(=O)=O)sc1=NS(=O)(=O)c1c(F)c(F)c(F)c(F)c1F,25
CHEMBL71611,0.3,Ki,=,Nc1c(F)cc(S(=O)(=O)Nc2nnc(S(N)(=O)=O)s2)cc1Cl,22
CHEMBL142132,0.3,Ki,=,NS(=O)(=O)c1nc2ccc(OS(=O)(=O)c3c(F)c(F)c(F)c(F)c3F)cc2s1,28
CHEMBL18,0.3,IC50,=,CCOc1ccc2nc(S(N)(=O)=O)sc2c1,16
CHEMBL308677,0.3,Ki,=,Nc1c(F)cc(S(=O)(=O)Nc2nnc(S(N)(=O)=O)s2)cc1I,22
CHEMBL94836,0.3,Ki,=,NS(=O)(=O)c1nnc(NS(=O)(=O)c2c(F)c(F)c(F)c(F)c2F)s1,24
CHEMBL4099344,0.338,IC50,=,O=C(CSC(=S)NN1CCSCC1)NCc1ccc2c(c1)OCO2,24
CHEMBL4073678,0.34,IC50,=,O=C(CSc1nnc(Nc2ccccc2)s1)N/N=C/c1ccc(-c2ccccc2[N+](=O)[O-])o1,33
CHEMBL4097972,0.39,IC50,=,O=C(CSc1nnc(Nc2ccccc2)s1)N/N=C/c1ccc(-c2ccc(Cl)cc2Cl)o1,32
CHEMBL2111218,0.4,Ki,=,Cn1nc(S(N)(=O)=O)s/c1=N\C(=O)CN(CCN(CCN(CC(=O)O)CC(=O)/N=c1/sc(S(N)(=O)=O)nn1C)CC(=O)[O-])CC(=O)[O-].[Zn+2],48
CHEMBL4533252,0.4,IC50,=,COc1ccc(C2=NN(C(C)=O)C(c3ccc(OS(N)(=O)=O)cc3)C2)cc1,27
CHEMBL138920,0.4,Ki,=,NS(=O)(=O)c1nnc(NC(=O)CCNS(=O)(=O)c2c(F)c(F)c(F)c(F)c2F)s1,29
CHEMBL4075535,0.41,IC50,=,O=C(CSc1nnc(Nc2ccccc2)s1)N/N=C/c1ccc(-c2ccc(Br)cc2)o1,31
CHEMBL333281,0.44,Ki,=,NS(=O)(=O)c1cc2cc(N3CCSCC3)sc2s1,18
CHEMBL555543,0.44,Ki,=,Cl.NS(=O)(=O)c1cc2cc(CN3CCSCC3)sc2s1,20
CHEMBL4633178,0.46,IC50,=,NS(=O)(=O)c1ccc(N2C(=O)CC/C2=C\C(=O)c2cccc(F)c2)cc1,26
CHEMBL4644942,0.46,IC50,=,NS(=O)(=O)c1ccc(N2C(=O)CC/C2=C\C(=O)c2ccc([N+](=O)[O-])cc2Cl)cc1,29
CHEMBL4072122,0.47,IC50,=,O=C(CSc1nnc(Nc2ccccc2)s1)N/N=C/c1ccc(-c2cccc([N+](=O)[O-])c2)o1,33
CHEMBL343916,0.5,Ki,=,NS(=O)(=O)c1nc2ccc(NC(=O)c3c(F)c(F)c(F)c(F)c3F)cc2s1,27
CHEMBL141899,0.5,Ki,=,NS(=O)(=O)c1nc2ccc(OS(=O)(=O)C(F)(F)C(F)(F)C(F)(F)C(F)(F)F)cc2s1,30
CHEMBL141753,0.5,Ki,=,NS(=O)(=O)c1nc2ccc(NS(=O)(=O)C(F)(F)C(F)(F)C(F)(F)C(F)(F)F)cc2s1,30
CHEMBL2112274,0.5,Ki,=,NS(=O)(=O)c1nnc(NC(=O)CN(CCN(CCN(CC(=O)O)CC(=O)Nc2nnc(S(N)(=O)=O)s2)CC(=O)[O-])CC(=O)[O-])s1.[Zn+2],46
CHEMBL286586,0.5,Ki,=,NS(=O)(=O)c1nc2ccc(NC(=O)CN(CCN(CCN(CC(=O)O)CC(=O)Nc3ccc4nc(S(N)(=O)=O)sc4c3)CC(=O)O)CC(=O)O)cc2s1,53
CHEMBL69229,0.5,Ki,=,Nc1c(Br)cc(S(=O)(=O)Nc2nnc(S(N)(=O)=O)s2)cc1Br,22
CHEMBL302706,0.5,Ki,=,Nc1c(Cl)cc(S(=O)(=O)Nc2nnc(S(N)(=O)=O)s2)cc1Cl,22
CHEMBL264879,0.5,Ki,=,NS(=O)(=O)c1nc2ccc(OS(=O)(=O)C(F)(F)C(F)(F)C(F)(F)C(F)(F)C(F)(F)C(F)(F)C(F)(F)C(F)(F)F)cc2s1,42
CHEMBL141624,0.5,Ki,=,NS(=O)(=O)c1nc2ccc(OCCOS(=O)(=O)c3c(F)c(F)c(F)c(F)c3F)cc2s1,31
CHEMBL543319,0.5,IC50,=,COCCOCCN(CCOC)C(C)c1cc2cc(S(N)(=O)=O)sc2s1.Cl,27
CHEMBL158693,0.5,Ki,=,Cn1nc(S(N)(=O)=O)s/c1=N\S(=O)(=O)c1ccc(NCc2cc(=O)oc3cc(Cl)ccc23)cc1,34
CHEMBL346691,0.5,Ki,=,NS(=O)(=O)c1nc2ccc(OCCOC(=O)CN(CCN(CCN(CC(=O)O)CC(=O)OCCOc3ccc4nc(S(N)(=O)=O)sc4c3)CC(=O)O)CC(=O)O)cc2s1,59
CHEMBL4064130,0.53,IC50,=,O=C(CSc1nnc(Nc2ccccc2)s1)N/N=C/c1ccc(-c2cccc(Cl)c2)o1,31
CHEMBL417975,0.54,IC50,=,CC(C)CN[C@H]1CCS(=O)(=O)c2sc(S(N)(=O)=O)cc21,20
CHEMBL79939,0.58,IC50,=,NS(=O)(=O)c1cc2c(s1)S(=O)(=O)C(CCN1CCOCC1)CN2,23
CHEMBL342026,0.6,Ki,=,NS(=O)(=O)c1nc2ccc(OCCOS(=O)(=O)C(F)(F)C(F)(F)C(F)(F)C(F)(F)C(F)(F)C(F)(F)C(F)(F)C(F)(F)F)cc2s1,45
CHEMBL34852,0.6,Ki,=,NS(=O)(=O)c1nc2ccc(OCCOC(=O)CN(CCN(CCN(CC(=O)O)CC(=O)O)CC(=O)O)CC(=O)O)cc2s1,43
CHEMBL285516,0.6,Ki,=,NS(=O)(=O)c1nnc(NC(=O)CCNC(=O)CN(CCN(CCN(CC(=O)O)CC(=O)NCCC(=O)Nc2nnc(S(N)(=O)=O)s2)CC(=O)O)CC(=O)O)s1,55
CHEMBL140095,0.6,Ki,=,NS(=O)(=O)c1nc2ccc(OC(=O)c3c(F)c(F)c(F)c(F)c3F)cc2s1,27
CHEMBL13630,0.6,Ki,=,Cn1nc(S(N)(=O)=O)s/c1=N/S(=O)(=O)c1ccc(N)cc1,21
CHEMBL71657,0.6,Ki,=,Nc1c(Br)cc(S(=O)(=O)Nc2nnc(S(N)(=O)=O)s2)cc1I,22
CHEMBL307698,0.6,Ki,=,Nc1ccc(S(=O)(=O)Nc2nnc(S(N)(=O)=O)s2)cc1Cl,21
CHEMBL305488,0.6,Ki,=,Nc1c(Cl)cc(S(=O)(=O)Nc2nnc(S(N)(=O)=O)s2)cc1Br,22
CHEMBL408856,0.6,Ki,=,NS(=O)(=O)c1nc2ccc(OC(=O)CN(CCN(CCN(CC(=O)O)CC(=O)Oc3ccc4nc(S(N)(=O)=O)sc4c3)CC(=O)O)CC(=O)O)cc2s1,53
CHEMBL3137780,0.6,Ki,=,C[C@H](CCC(=O)Oc1ccc2nc(S(N)(=O)=O)sc2c1)[C@H]1CC[C@H]2[C@@H]3C(=O)C[C@@H]4CC(=O)CC[C@]4(C)[C@H]3CC(=O)[C@]12C,42
CHEMBL140792,0.6,Ki,=,NS(=O)(=O)c1nc2ccc(NS(=O)(=O)C(F)(F)C(F)(F)C(F)(F)C(F)(F)C(F)(F)C(F)(F)C(F)(F)C(F)(F)F)cc2s1,42
CHEMBL304973,0.6,Ki,=,Nc1ccc(S(=O)(=O)Nc2nnc(S(N)(=O)=O)s2)cc1I,21
CHEMBL3137811,0.6,Ki,=,C[C@H](CCC(=O)OCCOc1ccc2nc(S(N)(=O)=O)sc2c1)[C@H]1CC[C@H]2[C@@H]3[C@@H](O)C[C@@H]4C[C@H](O)CC[C@]4(C)[C@H]3CC[C@]12C,44
CHEMBL4062231,0.622,IC50,=,CN1CCN(NC(=S)SCC(=O)NCc2ccc3c(c2)OCO3)CC1,25
CHEMBL4089189,0.651,IC50,=,O=C(CSC(=S)NN1CCCCC1)NCc1ccc2c(c1)OCO2,24
CHEMBL70524,0.7,Ki,=,Nc1ccc(S(=O)(=O)Nc2nnc(S(N)(=O)=O)s2)cc1Br,21
CHEMBL307939,0.7,Ki,=,NS(=O)(=O)c1nnc(NS(=O)(=O)c2c(F)c(F)cc(F)c2F)s1,23
CHEMBL140481,0.7,Ki,=,NS(=O)(=O)c1nc2ccc(OCCOS(=O)(=O)C(F)(F)C(F)(F)C(F)(F)C(F)(F)F)cc2s1,33
CHEMBL140616,0.7,Ki,=,NS(=O)(=O)c1nc2ccc(OCCOC(=O)c3c(F)c(F)c(F)c(F)c3F)cc2s1,30
CHEMBL69114,0.7,IC50,=,CN(C)Cc1cc(S(=O)(=O)c2ccc(S(N)(=O)=O)s2)ccc1O,23
CHEMBL553832,0.7,IC50,=,COCCOCCNC(C)c1cc2cc(S(N)(=O)=O)sc2s1.Cl,23
CHEMBL4090426,0.799,IC50,=,O=C(CSC(=S)NN1CCN(c2ccc([N+](=O)[O-])cc2)CC1)NCc1ccc2c(c1)OCO2,33
CHEMBL415466,0.8,Ki,=,NS(=O)(=O)c1nc2ccc(NC(=O)CN(CCN(CCN(CC(=O)O)CC(=O)O)CC(=O)O)CC(=O)O)cc2s1,40
CHEMBL68639,0.8,Ki,=,Nc1ccc(S(=O)(=O)Nc2nnc(S(N)(=O)=O)s2)cc1F,21
CHEMBL34317,0.8,Ki,=,NS(=O)(=O)c1nc2ccc(OC(=O)CN(CCN(CCN(CC(=O)O)CC(=O)O)CC(=O)O)CC(=O)O)cc2s1,40
CHEMBL545239,0.8,IC50,=,CCNC1CCS(=O)(=O)c2sc(S(N)(=O)=O)cc21.Cl,19
CHEMBL306832,0.8,Ki,=,Nc1c(Cl)cc(S(=O)(=O)Nc2nnc(S(N)(=O)=O)s2)cc1I,22
CHEMBL4072105,0.802,IC50,=,CCN1CCN(NC(=S)SCC(=O)NCc2ccc3c(c2)OCO3)CC1,26
CHEMBL4069396,0.855,IC50,=,O=C(CSC(=S)NN1CCN(c2ncccn2)CC1)NCc1ccc2c(c1)OCO2,30
CHEMBL68506,0.9,Ki,=,Nc1c(I)cc(S(=O)(=O)Nc2nnc(S(N)(=O)=O)s2)cc1I,22
CHEMBL344156,0.9,Ki,=,NS(=O)(=O)c1nc2ccc(OS(=O)(=O)C(F)(F)F)cc2s1,21
CHEMBL141351,0.9,Ki,=,NS(=O)(=O)c1nc2ccc(NS(=O)(=O)C(F)(F)F)cc2s1,21
CHEMBL32606,0.9,Ki,=,NS(=O)(=O)c1nnc(NC(=O)CN(CCN(CCN(CC(=O)O)CC(=O)O)CC(=O)O)CC(=O)O)s1,36
CHEMBL544738,0.95,Ki,=,COCCN(CCOC)Cc1cc2sc(S(N)(=O)=O)cc2s1.Cl,23
CHEMBL309870,0.97,Ki,=,COCCN(CCOC)CCC1CNc2cc(S(N)(=O)=O)sc2S1(=O)=O,26
CHEMBL148167,1.0,Ki,=,NS(=O)(=O)c1ccc(NC(S)=NC(Cc2c[nH]cn2)C(=O)NCC(=O)O)cc1,28
CHEMBL140805,1.0,Ki,=,NS(=O)(=O)c1nnc(NS(=O)(=O)c2ccc(NS(=O)(=O)c3c(F)c(F)c(F)c(F)c3F)cc2)s1,34
CHEMBL23435,1.0,Ki,=,CC(=O)Nc1ccc(S(=O)(=O)Nc2nnc(S(N)(=O)=O)s2)cc1Cl,24
CHEMBL140370,1.0,Ki,=,NS(=O)(=O)c1nc2ccc(OCCOS(=O)(=O)C(F)(F)F)cc2s1,24
CHEMBL432083,1.0,Ki,=,NS(=O)(=O)c1nnc(NC(=O)CN(CCN(CCN(CC(=O)O)CC(=O)Nc2nnc(S(N)(=O)=O)s2)CC(=O)O)CC(=O)O)s1,45
CHEMBL416410,1.0,Ki,=,NS(=O)(=O)c1nnc(NC(=O)CCNC(=O)CN(CCN(CCN(CC(=O)O)CC(=O)O)CC(=O)O)CC(=O)O)s1,41
CHEMBL278603,1.0,Ki,=,CC(=O)Nc1ccc(S(=O)(=O)Nc2nnc(S(N)(=O)=O)s2)cc1F,24
CHEMBL141168,1.0,Ki,=,NS(=O)(=O)c1nc2ccc(NC(=O)C(F)(F)C(F)(F)C(F)(F)C(F)(F)C(F)(F)C(F)(F)C(F)(F)C(F)(F)F)cc2s1,41
CHEMBL540026,1.1,Ki,=,Cl.NS(=O)(=O)c1cc2cc(CN3CCOCC3)sc2s1,20
CHEMBL333520,1.1,Ki,=,NS(=O)(=O)c1cc2cc(N3CCOCC3)sc2s1,18
CHEMBL3137762,1.1,Ki,=,C[C@H](CCC(=O)NCCC(=O)Nc1nnc(S(N)(=O)=O)s1)[C@H]1CC[C@H]2[C@@H]3C(=O)C[C@@H]4CC(=O)CC[C@]4(C)[C@H]3CC(=O)[C@]12C,43
CHEMBL120418,1.15,Ki,=,NS(=O)(=O)c1cc2c(s1)C(=O)CCS2,14
CHEMBL50395,1.15,IC50,=,COCCOCCN(CCOC)C(Cc1ccc(F)cc1)c1cc2cc(S(N)(=O)=O)sc2s1,33
CHEMBL353861,1.15,IC50,=,NS(=O)(=O)c1cc2c(s1)S(=O)(=O)N(c1cccc(O)c1)C(CN1CCOCC1)=C2,29
CHEMBL310280,1.19,Ki,=,NS(=O)(=O)c1cc2c(s1)S(=O)(=O)C(CCO)CN2,18
CHEMBL120728,1.2,IC50,=,CN(C)S(=O)(=O)Oc1ccc2nc(S(N)(=O)=O)sc2c1,20
CHEMBL84649,1.2,IC50,=,COC(C)(C)C(=O)Oc1ccc2nc(S(N)(=O)=O)sc2c1,21
CHEMBL84151,1.2,IC50,=,CN(C)OS(=O)(=O)c1ccc2nc(S(N)(=O)=O)sc2c1,20
CHEMBL108502,1.2,Ki,=,NS(=O)(=O)c1nnc(NC(=O)CCNS(=O)(=O)c2ccc(I)cc2)s1,25
CHEMBL84600,1.2,IC50,=,CCOC(C)(C)C(=O)Oc1ccc2nc(S(N)(=O)=O)sc2c1,22
CHEMBL1204135,1.2,IC50,=,CC(C)CN[C@H]1CCS(=O)(=O)c2sc(S(N)(=O)=O)cc21.Cl,21
CHEMBL3137802,1.2,Ki,=,C[C@H](CCC(=O)NCCC(=O)Nc1nnc(S(N)(=O)=O)s1)[C@H]1CC[C@H]2[C@@H]3[C@H](O)C[C@@H]4C[C@H](O)CC[C@]4(C)[C@H]3C[C@H](O)[C@]12C,43
CHEMBL105080,1.24,Ki,=,NS(=O)(=O)c1cc2cc(CN3CCOCC3)sc2o1,19
CHEMBL433921,1.27,IC50,=,COc1cccc(N2C(CN3CCOCC3)=Cc3cc(S(N)(=O)=O)sc3S2(=O)=O)c1,30
CHEMBL1340,1.28,IC50,=,COCCCN1C[C@H](N)c2cc(S(N)(=O)=O)sc2S1(=O)=O,21
CHEMBL3138147,1.3,Ki,=,C[C@H](CCC(=O)NCCC(=O)Nc1nnc(S(N)(=O)=O)s1)[C@H]1CC[C@H]2[C@@H]3[C@@H](O)C[C@@H]4C[C@H](O)CC[C@]4(C)[C@H]3CC[C@]12C,42
CHEMBL2092886,1.3,IC50,=,NS(=O)(=O)c1cc2c(s1)S(=O)(=O)CC[C@@H]2O,16
CHEMBL418783,1.3,Ki,=,CN(C)CCOCCOC(=O)c1ccc(S(=O)(=O)Nc2nnc(S(N)(=O)=O)s2)cc1,30
CHEMBL554425,1.34,Ki,=,COCCN(CCOC)Cc1cc2cc(S(N)(=O)=O)sc2s1.Cl,23
CHEMBL76607,1.4,Ki,=,Cn1nc(S(N)(=O)=O)s/c1=N\C(=O)c1c(F)c(F)cc(F)c1F,23
CHEMBL309431,1.4,Ki,=,CCN(CC)CCNC(=O)c1ccc(S(=O)(=O)Nc2nnc(S(N)(=O)=O)s2)cc1,29
CHEMBL98146,1.4,Ki,=,CC(CN(C)C)OC(=O)c1ccc(S(=O)(=O)Nc2nnc(S(N)(=O)=O)s2)cc1,28
CHEMBL309608,1.4,IC50,=,COCCOC(C)(C)C(=O)Oc1ccc2nc(S(N)(=O)=O)sc2c1,24
CHEMBL3137814,1.4,Ki,=,C[C@H](CCC(=O)OCCOc1ccc2nc(S(N)(=O)=O)sc2c1)[C@H]1CC[C@H]2[C@@H]3CC[C@@H]4C[C@H](O)CC[C@]4(C)[C@H]3CC[C@]12C,43
CHEMBL555153,1.43,Ki,=,Cl.NS(=O)(=O)c1cc(S(=O)(=O)c2ccc(CN3CCOCC3)cc2)cs1,26
CHEMBL311263,1.45,IC50,=,COCCOCCN(CCOC)CCC1CNc2cc(S(N)(=O)=O)sc2S1(=O)=O,29
CHEMBL542122,1.49,Ki,=,CC(C=O)N(Cc1cc2cc(S(N)(=O)=O)sc2s1)C(C)C=O.Cl,23
CHEMBL69149,1.5,Ki,=,Cn1nc(S(N)(=O)=O)s/c1=N/C(=O)c1c(F)c(F)c(F)c(F)c1F,24
CHEMBL24473,1.5,Ki,=,Cn1nc(S(N)(=O)=O)s/c1=N/C(=O)CCCCC(F)(F)C(F)(F)F,24
CHEMBL104754,1.5,IC50,=,NS(=O)(=O)c1ccc(SCCCCO)c(F)c1,17
CHEMBL98389,1.5,Ki,=,CN(C)CCOC(=O)c1ccc(S(=O)(=O)Nc2nnc(S(N)(=O)=O)s2)cc1,27
CHEMBL22540,1.5,Ki,=,CC(=O)Nc1ccc(S(=O)(=O)Nc2nnc(S(N)(=O)=O)s2)cc1Br,24
CHEMBL543604,1.5,IC50,=,CCCNC1CCS(=O)(=O)c2sc(S(N)(=O)=O)cc21.Cl,20
CHEMBL138603,1.5,Ki,=,Cn1nc(S(N)(=O)=O)s/c1=N/S(=O)(=O)c1ccc(NS(=O)(=O)c2c(F)c(F)c(F)c(F)c2F)cc1,35
CHEMBL343048,1.5,Ki,=,NS(=O)(=O)c1nnc(NS(=O)(=O)c2ccc(NC(=O)C(F)(F)C(F)(F)C(F)(F)C(F)(F)C(F)(F)C(F)(F)C(F)(F)C(F)(F)F)cc2)s1,47
CHEMBL74491,1.5,Ki,=,NS(=O)(=O)c1ccc(NC(=O)c2c(F)c(F)cc(F)c2F)c(F)c1,24
CHEMBL111216,1.5,Ki,=,NS(=O)(=O)c1nnc(NS(=O)(=O)c2ccc(NC(=O)[C@@H]3C4C=CC(C4)C3C(=O)O)cc2)s1,32
CHEMBL154106,1.5,Ki,=,Cn1nc(S(N)(=O)=O)s/c1=N\C(=O)CN(CCN(CCN(CC(=O)O)CC(=O)/N=c1/sc(S(N)(=O)=O)nn1C)CC(=O)O)CC(=O)O,47
CHEMBL475,1.52,Ki,=,C[C@H]1C[C@H](N)c2cc(S(N)(=O)=O)sc2S1(=O)=O,17
CHEMBL120046,1.58,Ki,=,COCCOCCN(CCOC)c1cc2cc(S(N)(=O)=O)sc2s1,24
CHEMBL543559,1.58,Ki,=,COCCOCCN(CCOC)Cc1cc2cc(S(N)(=O)=O)sc2s1.Cl,26
CHEMBL83708,1.6,IC50,=,CCCCCCCC(=O)Oc1ccc2nc(S(N)(=O)=O)sc2c1,23
CHEMBL99257,1.6,Ki,=,CN(C)CCOCCOC(=O)c1cccc(S(=O)(=O)Nc2nnc(S(N)(=O)=O)s2)c1,30
CHEMBL311904,1.6,IC50,=,CN(C)C(=O)Oc1ccc2nc(S(N)(=O)=O)sc2c1,19
CHEMBL95545,1.7,Ki,=,CN(C)CCOCCOC(=O)c1ccc(S(=O)(=O)/N=c2/sc(S(N)(=O)=O)nn2C)cc1,31
CHEMBL303905,1.7,Ki,=,CC(=O)Nc1ccc(S(=O)(=O)Nc2nnc(S(N)(=O)=O)s2)cc1I,24
CHEMBL99337,1.7,Ki,=,CCN(CC)CCNC(=O)c1ccc(S(=O)(=O)/N=c2/sc(S(N)(=O)=O)nn2C)cc1,30
CHEMBL100329,1.7,Ki,=,CCN(CC)CCNC(=O)c1cccc(S(=O)(=O)Nc2nnc(S(N)(=O)=O)s2)c1,29
CHEMBL310848,1.8,IC50,=,CCOP(=O)(OCC)Oc1ccc2nc(S(N)(=O)=O)sc2c1,22
CHEMBL95264,1.8,Ki,=,CC(CN(C)C)OC(=O)c1ccc(S(=O)(=O)/N=c2/sc(S(N)(=O)=O)nn2C)cc1,29
CHEMBL311548,1.8,IC50,=,CCCCOS(=O)(=O)c1ccc2nc(S(N)(=O)=O)sc2c1,21
CHEMBL4061017,1.875,IC50,=,CC1CCN(NC(=S)SCC(=O)NCc2ccc3c(c2)OCO3)CC1,25
CHEMBL273822,1.88,Ki,=,CN[C@H]1C[C@H](C)S(=O)(=O)c2sc(S(N)(=O)=O)cc21,18
CHEMBL317383,1.9,Ki,=,CCN(CC)CCNC(=O)c1cccc(S(=O)(=O)/N=c2/sc(S(N)(=O)=O)nn2C)c1,30
CHEMBL544970,1.92,Ki,=,CSCCNCc1cc2cc(S(N)(=O)=O)sc2s1.Cl,19
CHEMBL544032,1.98,Ki,=,Cl.NS(=O)(=O)c1cc2cc(CNCCF)sc2s1,18
CHEMBL286004,2.0,Ki,=,NS(=O)(=O)c1nnc(NC(=O)CCCCC(F)(F)C(F)(F)F)s1,23
CHEMBL268439,2.0,Ki,=,Nc1ccc(S(=O)(=O)Nc2nnc(S(N)(=O)=O)s2)cc1,20
CHEMBL317807,2.0,Ki,=,CN(C)CCOCCOC(=O)c1cccc(S(=O)(=O)/N=c2/sc(S(N)(=O)=O)nn2C)c1,31
CHEMBL79368,2.0,IC50,=,NS(=O)(=O)c1cc2c(s1)S(=O)(=O)C1(CC1)CN2,17
CHEMBL67511,2.0,Ki,=,NS(=O)(=O)C(F)(F)F,8
CHEMBL144946,2.0,Ki,=,NS(=O)(=O)c1ccc(N/C(S)=N/C(C(=O)O)C(O)c2ccccc2)cc1,26
CHEMBL138847,2.0,Ki,=,Cn1nc(S(N)(=O)=O)s/c1=N/S(=O)(=O)c1ccc(NC(=O)C(F)(F)C(F)(F)C(F)(F)C(F)(F)C(F)(F)C(F)(F)C(F)(F)C(F)(F)F)cc1,48
CHEMBL319487,2.0,Ki,=,Cc1cc(-c2ccccc2)cc(C)[n+]1CC(=O)Nc1ccc(S(=O)(=O)Nc2nnc(S(N)(=O)=O)s2)cc1.[O-][Cl+3]([O-])([O-])[O-],42
CHEMBL265261,2.0,Ki,=,CC(CN(C)C)OC(=O)c1cccc(S(=O)(=O)Nc2nnc(S(N)(=O)=O)s2)c1,28
CHEMBL42278,2.0,IC50,=,CCCCCC/C(=N\N)c1csc(S(N)(=O)=O)c1,18
CHEMBL281376,2.0,Ki,=,NS(=O)(=O)c1nnc(NC(=O)c2ccccc2)s1,18
CHEMBL140879,2.0,Ki,=,Cn1nc(S(N)(=O)=O)sc1=NS(=O)(=O)C(F)(F)C(F)(F)C(F)(F)C(F)(F)F,27
CHEMBL343046,2.0,Ki,=,NS(=O)(=O)c1nnc(NS(=O)(=O)c2ccc(NS(=O)(=O)C(F)(F)C(F)(F)C(F)(F)C(F)(F)C(F)(F)C(F)(F)C(F)(F)C(F)(F)F)cc2)s1,48
CHEMBL161438,2.0,Ki,=,NS(=O)(=O)c1nnc(NS(=O)(=O)c2ccc(NCc3cc(=O)oc4cc(Cl)ccc34)cc2)s1,33
CHEMBL161032,2.0,Ki,=,NS(=O)(=O)c1nnc(NC(=O)CCNCc2cc(=O)oc3cc(Cl)ccc23)s1,28
CHEMBL344034,2.0,Ki,=,NS(=O)(=O)c1nnc(NS(=O)(=O)c2ccc(NS(=O)(=O)C(F)(F)C(F)(F)C(F)(F)C(F)(F)F)cc2)s1,36
CHEMBL103630,2.0,Ki,=,Cc1cc(-c2ccccc2)cc(C)[n+]1CC(=O)Nc1ccc(S(=O)(=O)/N=c2/sc(S(N)(=O)=O)nn2C)cc1.[O-][Cl+3]([O-])([O-])[O-],43
CHEMBL342610,2.0,Ki,=,NS(=O)(=O)c1nnc(NC(=O)CCNC(=O)C(F)(F)C(F)(F)C(F)(F)C(F)(F)C(F)(F)C(F)(F)C(F)(F)C(F)(F)F)s1,42
CHEMBL289888,2.0,Ki,=,Cn1nc(S(N)(=O)=O)s/c1=N/C(=O)CN(CCN(CCN(CC(=O)O)CC(=O)O)CC(=O)O)CC(=O)O,37
CHEMBL141868,2.0,Ki,=,NS(=O)(=O)c1nnc(NC(=O)CCNS(=O)(=O)C(F)(F)C(F)(F)C(F)(F)C(F)(F)C(F)(F)C(F)(F)C(F)(F)C(F)(F)F)s1,43
CHEMBL139946,2.0,Ki,=,NS(=O)(=O)c1nc2ccc(OCCOC(=O)C(F)(F)C(F)(F)C(F)(F)C(F)(F)C(F)(F)C(F)(F)C(F)(F)C(F)(F)F)cc2s1,44
CHEMBL340519,2.0,IC50,=,COc1ccc(C(=O)c2coc(S(N)(=O)=O)c2)cc1,19
CHEMBL341760,2.0,Ki,=,NS(=O)(=O)c1nnc(NC(=O)c2c(F)c(F)c(F)c(F)c2F)s1,23
CHEMBL337369,2.0,Ki,=,NS(=O)(=O)c1nnc(NS(=O)(=O)C(F)(F)C(F)(F)C(F)(F)C(F)(F)F)s1,26
CHEMBL344382,2.0,Ki,=,NS(=O)(=O)c1nnc(NC(=O)CCNC(=O)c2c(F)c(F)c(F)c(F)c2F)s1,28
CHEMBL341037,2.0,IC50,=,Cc1ccc(C(=O)c2csc(S(N)(=O)=O)c2)cc1,18
CHEMBL81688,2.0,IC50,=,CC(=O)Oc1ccc2nc(S(N)(=O)=O)sc2c1,17
CHEMBL2113375,2.0,Ki,=,C[C@H](CCC(=O)/N=c1\sc(S(N)(=O)=O)nn1C)[C@H]1CC[C@H]2[C@@H]3[C@@H](O)C[C@@H]4C[C@H](O)CC[C@]4(C)[C@H]3CC[C@]12C,38
CHEMBL4473329,2.09,IC50,=,COc1ccccc1C(=O)NC(=S)Nc1ccc(S(N)(=O)=O)cc1,24
CHEMBL100266,2.1,Ki,=,CN(C)CCOC(=O)c1cccc(S(=O)(=O)Nc2nnc(S(N)(=O)=O)s2)c1,27
CHEMBL3137789,2.1,Ki,=,C[C@H](CCC(=O)NCCC(=O)Nc1nnc(S(N)(=O)=O)s1)[C@H]1CC[C@H]2[C@@H]3CC[C@@H]4C[C@H](O)CC[C@]4(C)[C@H]3C[C@H](O)[C@]12C,42
CHEMBL75855,2.1,Ki,=,NS(=O)(=O)c1nnc(NC(=O)c2c(F)c(F)cc(F)c2F)s1,22
CHEMBL79324,2.1,IC50,=,C/C=C/C(=O)Oc1ccc2sc(S(N)(=O)=O)nc2c1,19
CHEMBL127817,2.1,IC50,=,NS(=O)(=O)c1cc(S(=O)(=O)c2cccc(O)c2)cs1,19
CHEMBL309950,2.18,IC50,=,COCCOCCN(CCOC)C(=O)CC1C(=O)Nc2cc(S(N)(=O)=O)sc2S1(=O)=O,31
CHEMBL1095203,2.19,IC50,=,COc1ccc(CNC(=O)c2cc(S(N)(=O)=O)cnc2Sc2ccc(F)c(F)c2)cc1,31
CHEMBL79951,2.2,IC50,=,CC(C)COC(=O)Oc1ccc2nc(S(N)(=O)=O)sc2c1,21
CHEMBL95943,2.2,Ki,=,CC(CN(C)C)OC(=O)c1cccc(S(=O)(=O)/N=c2/sc(S(N)(=O)=O)nn2C)c1,29
CHEMBL553720,2.2,IC50,=,Cl.NS(=O)(=O)c1cc2cc(CNCC(F)(F)F)sc2s1,20
CHEMBL554042,2.27,IC50,=,Cl.NS(=O)(=O)c1cc2cc(CN(CCO)CCO)sc2s1,21
CHEMBL314569,2.3,IC50,=,NS(=O)(=O)c1cc2c(s1)S(=O)(=O)CCC2O,16
CHEMBL554854,2.3,IC50,=,CCCCNC1CCS(=O)(=O)c2sc(S(N)(=O)=O)cc21.Cl,21
CHEMBL104621,2.3,IC50,=,NS(=O)(=O)c1ccc(S(=O)(=O)CCCCO)s1,17
CHEMBL553909,2.34,Ki,=,CN(C)Cc1cc(S(=O)(=O)c2coc(S(N)(=O)=O)c2)ccc1O.Cl,24
CHEMBL53964,2.39,Ki,=,C[S+]([O-])CCNC(=O)c1cc2cc(S(N)(=O)=O)sc2s1,20
CHEMBL540835,2.4,IC50,=,Cl.NS(=O)(=O)c1cc(C(=O)c2ccc(CNCc3ccccc3)cc2)cs1,27
CHEMBL328648,2.4,Ki,=,CN(C)CCOC(=O)c1ccc(S(=O)(=O)/N=c2/sc(S(N)(=O)=O)nn2C)cc1,28
CHEMBL310903,2.46,IC50,=,NS(=O)(=O)c1cc2c(s1)S(=O)(=O)CCN2,15
CHEMBL541810,2.5,IC50,=,COCCN(CCNC(=O)c1cc2cc(S(N)(=O)=O)sc2s1)CCOC.Cl,27
CHEMBL123979,2.5,IC50,=,COc1ccc(S(=O)(=O)c2coc(S(N)(=O)=O)c2)cc1,20
CHEMBL538245,2.5,IC50,=,CC(C)CNCc1cc2cc(S(N)(=O)=O)sc2s1.Cl,19
CHEMBL125102,2.5,IC50,=,NS(=O)(=O)c1cc(C(=O)c2ccc(O)cc2)cs1,18
CHEMBL545245,2.5,IC50,=,CNC1CCS(=O)(=O)c2sc(S(N)(=O)=O)cc21.Cl,18
CHEMBL121137,2.6,IC50,=,CC(C)(C)C(=O)Oc1ccc2sc(S(N)(=O)=O)cc2c1,20
CHEMBL83144,2.6,IC50,=,CC(C)(C)C(=O)Oc1ccc2cc(S(N)(=O)=O)sc2c1,20
CHEMBL543792,2.7,Ki,=,CC(C)CNCc1cc2sc(S(N)(=O)=O)cc2s1.Cl,19
CHEMBL555548,2.77,Ki,=,COCCOCCN(CCOCCOC)Cc1cc2cc(S(N)(=O)=O)sc2s1.Cl,29
CHEMBL1095883,2.79,IC50,=,CCNC(=O)c1cc(S(N)(=O)=O)cc(F)c1SCC(C)C,21
CHEMBL556132,2.8,IC50,=,COCCNCc1cc2sc(S(N)(=O)=O)cc2s1.Cl,19
CHEMBL86282,2.8,IC50,=,CCN(CC)CC1CCC(C(=O)Oc2ccc3nc(S(N)(=O)=O)sc3c2)CC1,28
CHEMBL99927,2.8,Ki,=,COCCOC(=O)c1ccc(S(=O)(=O)Nc2nnc(S(N)(=O)=O)s2)cc1,26
CHEMBL81148,2.9,Ki,=,NS(=O)(=O)c1cc2c(s1)S(=O)(=O)CC(=O)N2,16
CHEMBL544731,2.9,IC50,=,Cl.NS(=O)(=O)c1cc2cc(C(=O)NCCN3CCSCC3)sc2s1,24
CHEMBL84224,2.9,IC50,=,Cn1cccc1C(=O)Oc1ccc2nc(S(N)(=O)=O)sc2c1,22
CHEMBL83497,2.9,IC50,=,CC(C)CNCCC1CNc2cc(S(N)(=O)=O)sc2S1(=O)=O,22
CHEMBL98877,2.9,Ki,=,NS(=O)(=O)c1nnc(NS(=O)(=O)c2ccc(C(=O)OCCO)cc2)s1,25
CHEMBL319110,2.9,Ki,=,COCCOC(=O)c1cccc(S(=O)(=O)Nc2nnc(S(N)(=O)=O)s2)c1,26
CHEMBL545431,2.9,IC50,=,Cl.NS(=O)(=O)c1cc2cc(C(=O)NCCN3CCOCC3)sc2s1,24
CHEMBL318028,2.9,Ki,=,CN(C)CCOC(=O)c1cccc(S(=O)(=O)/N=c2/sc(S(N)(=O)=O)nn2C)c1,28
CHEMBL282021,3.0,Ki,=,CC(=O)Nc1ccc(S(=O)(=O)Nc2nnc(S(N)(=O)=O)s2)cc1,23
CHEMBL555385,3.0,IC50,=,CNCc1cc2cc(S(N)(=O)=O)sc2s1.Cl,16
CHEMBL220491,3.0,Ki,=,CCN[C@H]1CN(CCCOC)S(=O)(=O)c2sc(S(N)(=O)=O)cc21,23
CHEMBL143891,3.0,Ki,=,NS(=O)(=O)c1ccc(NC(S)=NC(Cc2c[nH]cn2)C(=O)NC(Cc2ccccc2)C(=O)O)cc1,35
CHEMBL13646,3.0,Ki,=,NCCC(=O)Nc1nnc(S(N)(=O)=O)s1,15
CHEMBL144352,3.0,Ki,=,NS(=O)(=O)c1ccc(N/C(S)=N/CCC(=O)NC(Cc2c[nH]cn2)C(=O)O)cc1,29
CHEMBL148069,3.0,Ki,=,NS(=O)(=O)c1ccc(N/C(S)=N/C(CO)C(=O)O)cc1,20
CHEMBL352281,3.0,IC50,=,CC(C)(C)C(=O)Oc1ccc2oc(S(N)(=O)=O)cc2c1,20
CHEMBL139668,3.0,Ki,=,NS(=O)(=O)c1nnc(NS(=O)(=O)c2ccc(NS(=O)(=O)C(F)(F)F)cc2)s1,27
CHEMBL138812,3.0,Ki,=,NS(=O)(=O)c1nnc(NC(=O)CCNS(=O)(=O)C(F)(F)C(F)(F)C(F)(F)C(F)(F)F)s1,31
CHEMBL48292,3.0,Ki,=,NS(=O)(=O)c1ccc(C(=O)Nc2nnc(S(N)(=O)=O)s2)cc1,22
CHEMBL302780,3.0,IC50,=,CCCCCCCCS(=O)(=O)C(F)S(N)(=O)=O,17
CHEMBL141898,3.0,Ki,=,Cn1nc(S(N)(=O)=O)sc1=NS(=O)(=O)C(F)(F)C(F)(F)C(F)(F)C(F)(F)C(F)(F)C(F)(F)C(F)(F)C(F)(F)F,39
CHEMBL121086,3.0,IC50,=,CC(C)(C)C(=O)Oc1ccc2cc(S(N)(=O)=O)oc2c1,20
CHEMBL345585,3.0,Ki,=,NS(=O)(=O)c1ccc(NS(=O)(=O)c2ccc(NCc3cc(=O)oc4cc(Cl)ccc34)cc2)cc1,34
CHEMBL2370954,3.0,Ki,=,NS(=O)(=O)c1ccc(NC(=S)N2CCC[C@H]2C(=O)NCC(=O)NCC(=O)O)cc1,29
CHEMBL120422,3.0,IC50,=,CCCCCCCCCS(=O)(=O)C(F)S(N)(=O)=O,18
CHEMBL555542,3.0,IC50,=,Cl.NS(=O)(=O)c1cc2cc(CNCCCCO)sc2s1,20
CHEMBL317256,3.0,Ki,=,CCc1cc(-c2ccccc2)cc(CC)[n+]1CC(=O)Nc1ccc(S(=O)(=O)/N=c2/sc(S(N)(=O)=O)nn2C)cc1.[O-][Cl+3]([O-])([O-])[O-],45
CHEMBL141756,3.0,Ki,=,Cn1nc(S(N)(=O)=O)s/c1=N/S(=O)(=O)c1ccc(NS(=O)(=O)C(F)(F)C(F)(F)C(F)(F)C(F)(F)C(F)(F)C(F)(F)C(F)(F)C(F)(F)F)cc1,49
CHEMBL140791,3.0,Ki,=,NS(=O)(=O)c1nnc(NS(=O)(=O)C(F)(F)C(F)(F)C(F)(F)C(F)(F)C(F)(F)C(F)(F)C(F)(F)C(F)(F)F)s1,38
CHEMBL1907940,3.0,Ki,=,CCN[C@H]1CC(CCCOC)S(=O)(=O)c2sc(S(N)(=O)=O)cc21,23
CHEMBL337328,3.0,Ki,=,NS(=O)(=O)c1nc2ccc(OC(=O)C(F)(F)C(F)(F)C(F)(F)C(F)(F)C(F)(F)C(F)(F)C(F)(F)C(F)(F)F)cc2s1,41
CHEMBL107437,3.0,IC50,=,NS(=O)(=O)c1ccc(SCCCCO)s1,15
CHEMBL96020,3.1,Ki,=,COCCOC(=O)c1ccc(S(=O)(=O)/N=c2/sc(S(N)(=O)=O)nn2C)cc1,27
CHEMBL328633,3.1,Ki,=,NS(=O)(=O)c1nnc(NS(=O)(=O)c2cccc(C(=O)OCCO)c2)s1,25
CHEMBL83165,3.1,IC50,=,CCCCCCCCCCCC(=O)Oc1ccc2nc(S(N)(=O)=O)sc2c1,27
CHEMBL79474,3.18,IC50,=,NS(=O)(=O)c1cc2c(s1)SC(CCO)CN2,16
CHEMBL121031,3.2,IC50,=,CCN[C@H]1CN(CCCCOC)S(=O)(=O)c2sc(S(N)(=O)=O)cc21,24
CHEMBL312635,3.2,IC50,=,CCCC(=O)Oc1ccc2nc(S(N)(=O)=O)sc2c1,19
CHEMBL554091,3.2,IC50,=,Cl.NC1CCS(=O)(=O)c2sc(S(N)(=O)=O)cc21,17
CHEMBL413114,3.2,IC50,=,COc1ccc(C(=O)c2csc(S(N)(=O)=O)c2)cc1,19
CHEMBL552892,3.2,IC50,=,CNCc1cc2sc(S(N)(=O)=O)cc2s1.Cl,16
CHEMBL311810,3.2,IC50,=,CCOCCOCCOC(C)(C)C(=O)Oc1ccc2nc(S(N)(=O)=O)sc2c1,28
CHEMBL333588,3.2,IC50,=,Cc1ccc(S(=O)(=O)c2csc(S(N)(=O)=O)c2)cc1,19
CHEMBL51975,3.2,IC50,=,NS(=O)(=O)c1cc2cc(C(=O)NCC(O)CO)sc2s1,20
CHEMBL95421,3.3,Ki,=,COCCOC(=O)c1cccc(S(=O)(=O)/N=c2/sc(S(N)(=O)=O)nn2C)c1,27
CHEMBL553951,3.3,IC50,=,Cl.NS(=O)(=O)c1cc2cc(CNCC3CC3)sc2s1,19
CHEMBL333193,3.3,Ki,=,NS(=O)(=O)c1cc2c(s1)S(=O)(=O)CCC2,15
CHEMBL545756,3.32,Ki,=,Cl.NS(=O)(=O)c1cc(C(=O)c2ccc(CN3CCOCC3)cc2)cs1,25
CHEMBL52944,3.4,Ki,=,NS(=O)(=O)c1cc2cc(CN3CC[S+]([O-])CC3)sc2s1,20
CHEMBL20,3.4,IC50,=,CC(=O)Nc1nnc(S(N)(=O)=O)s1,13
CHEMBL85558,3.5,IC50,=,COCC(=O)Oc1ccc2nc(S(N)(=O)=O)sc2c1,19
CHEMBL322223,3.5,IC50,=,NS(=O)(=O)c1ccc(SCCCO)c(F)c1,16
CHEMBL158261,3.63,Ki,=,NS(=O)(=O)c1cc2c(s1)SCCC2=O,14
CHEMBL1099003,3.77,IC50,=,CCNC(=O)c1cc(S(N)(=O)=O)cc(F)c1SC(C)C,20
CHEMBL544030,3.9,Ki,=,COCCNCc1cc2cc(S(N)(=O)=O)sc2s1.Cl,19
CHEMBL312593,4.0,IC50,=,CC(C)(C)C(=O)Oc1ccc2nc(S(N)(=O)=O)sc2c1,20
CHEMBL6685,4.0,IC50,=,NS(=O)(=O)c1nc2ccc(O)cc2s1,14
CHEMBL82510,4.0,IC50,=,COc1cccc(OC)c1C(=O)Oc1ccc2nc(S(N)(=O)=O)sc2c1,26
CHEMBL82230,4.0,IC50,=,CCCC(=O)Oc1ccc2sc(S(N)(=O)=O)nc2c1,19
CHEMBL99855,4.0,Ki,=,Cc1cc(-c2ccccc2)cc(C)[n+]1CC(=O)NCCC(=O)Nc1nnc(S(N)(=O)=O)s1.[O-][Cl+3]([O-])([O-])[O-],37
CHEMBL79340,4.0,IC50,=,CN(C)Cc1ccc(C(=O)Oc2ccc3nc(S(N)(=O)=O)sc3c2)cc1,26
CHEMBL319397,4.0,IC50,=,NS(=O)(=O)c1ccc(S(=O)(=O)CCCCO)c(F)c1,19
CHEMBL100906,4.0,Ki,=,Cc1cc(-c2ccccc2)cc(C)[n+]1CC(=O)OCCOc1ccc2nc(S(N)(=O)=O)sc2c1.[O-][Cl+3]([O-])([O-])[O-],39
CHEMBL357601,4.0,Ki,=,CSCCC(/N=C(\S)Nc1ccc(S(N)(=O)=O)cc1)C(=O)O,22
CHEMBL442751,4.0,IC50,=,CCCCCC(=O)Oc1ccc2nc(S(N)(=O)=O)sc2c1,21
CHEMBL147385,4.0,Ki,=,CCC(C)C(/N=C(\S)Nc1ccc(S(N)(=O)=O)cc1)C(=O)O,22
CHEMBL541341,4.0,IC50,=,CN1CCN(Cc2ccc(C(=O)c3csc(S(N)(=O)=O)c3)cc2)CC1.Cl,26
CHEMBL318820,4.0,Ki,=,Cn1nc(S(N)(=O)=O)s/c1=N/S(=O)(=O)c1ccc(C(=O)OCCO)cc1,26
CHEMBL148387,4.0,Ki,=,CC(/N=C(/S)Nc1ccc(S(N)(=O)=O)cc1)C(=O)NC(Cc1ccccc1)C(=O)O,30
CHEMBL97795,4.0,Ki,=,CC(C)c1cc(-c2ccccc2)cc(C(C)C)[n+]1CC(=O)Nc1ccc(S(=O)(=O)/N=c2/sc(S(N)(=O)=O)nn2C)cc1.[O-][Cl+3]([O-])([O-])[O-],47
CHEMBL109151,4.0,Ki,=,Cc1ccc(S(=O)(=O)NC(=O)Nc2nnc(S(N)(=O)=O)s2)cc1,23
CHEMBL108380,4.0,Ki,=,Cc1ccc(S(=O)(=O)Nc2nnc(S(N)(=O)=O)s2)cc1,20
CHEMBL538536,4.0,Ki,=,CCN(CC)Cc1cc(S(=O)(=O)c2coc(S(N)(=O)=O)c2)ccc1O.Cl,26
CHEMBL144186,4.0,Ki,=,CC(O)C(/N=C(\S)Nc1ccc(S(N)(=O)=O)cc1)C(=O)O,21
CHEMBL103015,4.0,Ki,=,CCc1cc(-c2ccccc2)cc(CC)[n+]1CC(=O)NCCC(=O)Nc1nnc(S(N)(=O)=O)s1.[O-][Cl+3]([O-])([O-])[O-],39
CHEMBL141130,4.0,Ki,=,Cn1nc(S(N)(=O)=O)s/c1=N/S(=O)(=O)c1ccc(NS(=O)(=O)C(F)(F)C(F)(F)C(F)(F)C(F)(F)F)cc1,37
CHEMBL85636,4.0,IC50,=,CC(=O)Oc1ccc2cc(S(N)(=O)=O)sc2c1,17
CHEMBL3138157,4.1,Ki,=,C[C@H](CCC(=O)OCCOc1ccc2nc(S(N)(=O)=O)sc2c1)[C@H]1CC[C@H]2[C@@H]3CC[C@@H]4C[C@H](O)CC[C@]4(C)[C@H]3C[C@H](O)[C@]12C,44
CHEMBL84021,4.1,IC50,=,Cc1ccc(OS(=O)(=O)c2ccc3nc(S(N)(=O)=O)sc3c2)cc1,24
CHEMBL80060,4.14,Ki,=,COCCOCCN(CCOC)CCC1C(=O)Nc2cc(S(N)(=O)=O)sc2S1(=O)=O,30
CHEMBL333747,4.2,IC50,=,NS(=O)(=O)c1cc(S(=O)(=O)c2ccc(O)cc2)co1,19
CHEMBL123923,4.2,IC50,=,Cc1ccc(S(=O)(=O)c2coc(S(N)(=O)=O)c2)cc1,19
CHEMBL1788205,4.2,IC50,=,NS(=O)(=O)c1cc2c(s1)S(=O)(=O)CC[C@H]2O,16
CHEMBL319239,4.3,IC50,=,NS(=O)(=O)c1ccc(SCCCCCO)cc1,17
CHEMBL540329,4.5,IC50,=,CNCc1ccc(C(=O)c2csc(S(N)(=O)=O)c2)cc1.Cl,21
CHEMBL320808,4.5,IC50,=,COCC(=O)OCCCS(=O)(=O)c1ccc(S(N)(=O)=O)s1,21
CHEMBL539258,4.5,IC50,=,CS(=O)(=O)CCNCc1cc2cc(S(N)(=O)=O)sc2s1.Cl,21
CHEMBL104868,4.5,IC50,=,NS(=O)(=O)c1ccc(S(=O)(=O)CCCO)c(F)c1,18
CHEMBL329311,4.6,Ki,=,NS(=O)(=O)c1nnc(NS(=O)(=O)c2ccc(C(=O)O)cc2)s1,22
CHEMBL541211,4.6,IC50,=,CC(C)CNC(=O)CC1Sc2sc(S(N)(=O)=O)cc2NC1=O,22
CHEMBL42675,4.7,IC50,=,CCCCCC/C(=N\OC)c1csc(S(N)(=O)=O)c1,19
CHEMBL544827,4.8,IC50,=,CC(C)CNCc1ccc(C(=O)c2csc(S(N)(=O)=O)c2)cc1.Cl,24
CHEMBL87444,4.8,IC50,=,CC(=O)Nc1ccc2cc(S(N)(=O)=O)sc2c1,17
CHEMBL19,4.8,IC50,=,CC(=O)/N=c1/sc(S(N)(=O)=O)nn1C,14
CHEMBL542372,4.9,IC50,=,COCCCNCc1cc2cc(S(N)(=O)=O)sc2s1.Cl,20
CHEMBL539817,5.0,IC50,=,CC(C)CN(C)Cc1cc(S(=O)(=O)c2csc(S(N)(=O)=O)c2)ccc1O.Cl,27
CHEMBL421200,5.0,Ki,=,Cc1cc(-c2ccccc2)cc(C)[n+]1CC(=O)Nc1ccc2nc(S(N)(=O)=O)sc2c1.[O-][Cl+3]([O-])([O-])[O-],36
CHEMBL104929,5.0,IC50,=,NS(=O)(=O)c1ccc(S(=O)(=O)CCO)c(F)c1,17
CHEMBL103420,5.0,Ki,=,CCc1cc(-c2ccccc2)cc(CC)[n+]1CC(=O)OCCOc1ccc2nc(S(N)(=O)=O)sc2c1.[O-][Cl+3]([O-])([O-])[O-],41
CHEMBL344132,5.0,Ki,=,NS(=O)(=O)c1ccc(N/C(S)=N/C(Cc2ccc(O)cc2)C(=O)O)cc1,26
CHEMBL51668,5.0,Ki,=,NS(=O)(=O)c1ccc(CCNC(=O)c2ccc(S(N)(=O)=O)cc2)cc1,25
CHEMBL50000,5.0,Ki,=,NS(=O)(=O)c1ccc(C(=O)Nc2nnc(S)s2)cc1,19
CHEMBL555355,5.0,IC50,=,Cl.NS(=O)(=O)c1cc(C(=O)c2cccc(CN3CCOCC3)c2)cs1,25
CHEMBL139939,5.0,Ki,=,NS(=O)(=O)c1nnc(NC(=O)C(F)(F)C(F)(F)C(F)(F)C(F)(F)C(F)(F)C(F)(F)C(F)(F)C(F)(F)F)s1,37
CHEMBL220492,5.0,Ki,=,CC1(C)O[C@@H]2[C@@H](CO[C@@]3(COS(N)(=O)=O)OC(C)(C)O[C@@H]23)O1,22
CHEMBL83298,5.0,IC50,=,CN(C)C(=O)Oc1ccc2sc(S(N)(=O)=O)cc2c1,19
CHEMBL44173,5.0,IC50,=,CCCCCCC(=O)c1csc(S(N)(=O)=O)c1,17
CHEMBL104666,5.0,IC50,=,CC(=O)OCCCS(=O)(=O)c1ccc(S(N)(=O)=O)s1,19
CHEMBL79738,5.0,IC50,=,NS(=O)(=O)c1nc2cc(O)ccc2s1,14
CHEMBL262561,5.0,Ki,=,Cn1nc(S(N)(=O)=O)s/c1=N/S(=O)(=O)c1ccc(NS(=O)(=O)C(F)(F)F)cc1,28
CHEMBL144786,5.0,Ki,=,CC(C)CC(/N=C(\S)Nc1ccc(S(N)(=O)=O)cc1)C(=O)NCC(=O)O,26
CHEMBL103770,5.0,Ki,=,Cc1cc(-c2ccccc2)cc(C)[n+]1CC(=O)Nc1nnc(S(N)(=O)=O)s1.[O-][Cl+3]([O-])([O-])[O-],32
CHEMBL103392,5.0,Ki,=,Cc1cc(-c2ccccc2)cc(C)[n+]1CC(=O)Oc1ccc2nc(S(N)(=O)=O)sc2c1.[O-][Cl+3]([O-])([O-])[O-],36
CHEMBL100860,5.0,Ki,=,CC(C)c1cc(-c2ccccc2)cc(C(C)C)[n+]1CC(=O)Nc1ccc(S(=O)(=O)Nc2nnc(S(N)(=O)=O)s2)cc1.[O-][Cl+3]([O-])([O-])[O-],46
CHEMBL341530,5.0,IC50,=,NS(=O)(=O)c1cc(S(=O)(=O)c2ccc(O)cc2)cs1,19
CHEMBL146887,5.0,Ki,=,CC(C)C(/N=C(\S)Nc1ccc(S(N)(=O)=O)cc1)C(=O)O,21
CHEMBL144716,5.0,Ki,=,NS(=O)(=O)c1ccc(N/C(S)=N/C(CS)C(=O)O)cc1,20
CHEMBL144301,5.0,Ki,=,NS(=O)(=O)c1ccc(N/C(S)=N/C(Cc2c[nH]cn2)C(=O)O)cc1,24
CHEMBL101330,5.0,Ki,=,Cc1cc(C)[n+](CC(=O)Nc2ccc(S(=O)(=O)/N=c3/sc(S(N)(=O)=O)nn3C)cc2)c(C)c1.[O-][Cl+3]([O-])([O-])[O-],38
CHEMBL343098,5.0,Ki,=,NS(=O)(=O)c1cc(S(N)(=O)=O)c(NS(=O)(=O)c2c(F)c(F)c(F)c(F)c2F)cc1Cl,30
CHEMBL108982,5.0,Ki,=,NS(=O)(=O)c1nnc(NS(=O)(=O)Cc2ccccc2)s1,20
CHEMBL342050,5.0,Ki,=,CC(C)CC(/N=C(\S)Nc1ccc(S(N)(=O)=O)cc1)C(=O)O,22
CHEMBL346810,5.0,IC50,=,NS(=O)(=O)c1cc2c(s1)S(=O)(=O)CCC2=O,16
CHEMBL102722,5.0,Ki,=,CCc1cc(-c2ccccc2)cc(CC)[n+]1CC(=O)Nc1ccc(S(=O)(=O)Nc2nnc(S(N)(=O)=O)s2)cc1.[O-][Cl+3]([O-])([O-])[O-],44
CHEMBL3138166,5.0,Ki,=,C[C@H](CCC(=O)Nc1ccc2nc(S(N)(=O)=O)sc2c1)[C@H]1CC[C@H]2[C@@H]3[C@H](O)C[C@@H]4C[C@H](O)CC[C@]4(C)[C@H]3C[C@H](O)[C@]12C,42
CHEMBL103143,5.1,IC50,=,COCCN(CCOC)Cc1cc2cc(S(N)(=O)=O)oc2s1,22
CHEMBL97141,5.1,Ki,=,NS(=O)(=O)c1nnc(NS(=O)(=O)c2cccc(C(=O)O)c2)s1,22
CHEMBL162280,5.1,IC50,=,COc1ccc2oc(S(N)(=O)=O)cc2c1,15
CHEMBL313338,5.2,IC50,=,NS(=O)(=O)c1cc2ccccc2s1,13
CHEMBL419329,5.2,Ki,=,Cn1nc(S(N)(=O)=O)s/c1=N/S(=O)(=O)c1cccc(C(=O)OCCO)c1,26
CHEMBL98871,5.4,Ki,=,Cn1nc(S(N)(=O)=O)s/c1=N/S(=O)(=O)c1ccc(C(=O)O)cc1,23
CHEMBL553217,5.5,Ki,=,C[S+]([O-])CCNCc1cc2cc(S(N)(=O)=O)sc2s1.Cl,20
CHEMBL104442,5.5,IC50,=,CC(=O)OCCS(=O)(=O)c1ccc(S(N)(=O)=O)s1,18
CHEMBL424188,5.5,IC50,=,CC(=O)Oc1ccc2cc(S(N)(=O)=O)oc2c1,17
CHEMBL3137765,5.6,Ki,=,C[C@H](CCC(=O)Nc1ccc2nc(S(N)(=O)=O)sc2c1)[C@H]1CC[C@H]2[C@@H]3[C@H](O)C[C@@H]4C[C@H](O)CC[C@]4(C)[C@H]3CC[C@]12C,41
CHEMBL85925,5.6,IC50,=,CC(C)COC(=O)Oc1ccc2cc(S(N)(=O)=O)sc2c1,21
CHEMBL42425,5.8,IC50,=,CCCCCC/C(=N\O)c1csc(S(N)(=O)=O)c1,18
CHEMBL95637,5.9,Ki,=,Cn1nc(S(N)(=O)=O)s/c1=N/S(=O)(=O)c1cccc(C(=O)O)c1,23
CHEMBL161658,6.0,Ki,=,NS(=O)(=O)c1cccc(NS(=O)(=O)c2ccc(NCc3cc(=O)oc4cc(Cl)ccc34)cc2)c1,34
CHEMBL144383,6.0,Ki,=,NS(=O)(=O)c1ccc(N/C(S)=N/C(C(=O)O)c2ccccc2)cc1,24
CHEMBL161443,6.0,Ki,=,Cn1nc(S(N)(=O)=O)s/c1=N\Cc1cc(=O)oc2cc(Cl)ccc12,24
CHEMBL103615,6.0,Ki,=,CCc1cc(-c2ccccc2)cc(CC)[n+]1CC(=O)Nc1ccc2nc(S(N)(=O)=O)sc2c1.[O-][Cl+3]([O-])([O-])[O-],38
CHEMBL282266,6.0,Ki,=,Cn1nc(S(N)(=O)=O)s/c1=N/C(=O)c1ccco1,18
CHEMBL104463,6.0,IC50,=,NS(=O)(=O)c1ccc(S(=O)(=O)CCO)s1,15
CHEMBL269122,6.0,Ki,=,Nc1ccc(S(=O)(=O)Nc2ccc(S(N)(=O)=O)cc2)cc1,21
CHEMBL144122,6.0,Ki,=,NS(=O)(=O)c1ccc(N/C(S)=N/C(Cc2ccccc2)C(=O)O)cc1,25
CHEMBL144006,6.0,Ki,=,NC(=O)CC(/N=C(\S)Nc1ccc(S(N)(=O)=O)cc1)C(=O)O,22
CHEMBL141425,6.0,Ki,=,Cn1nc(S(N)(=O)=O)s/c1=N/C(=O)C(F)(F)C(F)(F)C(F)(F)C(F)(F)C(F)(F)C(F)(F)C(F)(F)C(F)(F)F,38
CHEMBL86176,6.0,IC50,=,CC(=O)c1ccc2cc(S(N)(=O)=O)sc2c1,16
CHEMBL100733,6.0,Ki,=,CC(C)c1cc(-c2ccccc2)cc(C(C)C)[n+]1CC(=O)NCCC(=O)Nc1nnc(S(N)(=O)=O)s1.[O-][Cl+3]([O-])([O-])[O-],41
CHEMBL312813,6.0,IC50,=,NS(=O)(=O)c1nc2ccc(OC(=O)C3CCCCC3)cc2s1,22
CHEMBL311089,6.0,IC50,=,NS(=O)(=O)c1nc2ccc(OC(=O)CC3CCCC3)cc2s1,22
CHEMBL105713,6.0,IC50,=,CC(C)CNCc1cc2cc(S(N)(=O)=O)oc2s1,18
CHEMBL105725,6.0,IC50,=,NS(=O)(=O)c1ccc(S(=O)(=O)CCCO)s1,16
CHEMBL101190,6.0,Ki,=,Cc1cc(C)[n+](CC(=O)Nc2ccc(S(=O)(=O)Nc3nnc(S(N)(=O)=O)s3)cc2)c(C)c1.[O-][Cl+3]([O-])([O-])[O-],37
CHEMBL318953,6.0,Ki,=,Cc1cc(-c2ccccc2)cc(C)[n+]1CC(=O)/N=c1/sc(S(N)(=O)=O)nn1C.[O-][Cl+3]([O-])([O-])[O-],33
CHEMBL320711,6.0,Ki,=,CCCC(CCC)C(=O)Nc1nnc(S(N)(=O)=O)s1,19
CHEMBL3138177,6.1,Ki,=,C[C@H](CCC(=O)Oc1ccc2nc(S(N)(=O)=O)sc2c1)[C@H]1CC[C@H]2[C@@H]3[C@H](O)C[C@@H]4C[C@H](O)CC[C@]4(C)[C@H]3CC[C@]12C,41
CHEMBL82813,6.2,IC50,=,NS(=O)(=O)c1cc2cc(O)ccc2s1,14
CHEMBL297821,6.3,IC50,=,CCCCC(=O)c1csc(S(N)(=O)=O)c1,15
CHEMBL552890,6.3,IC50,=,Cl.NS(=O)(=O)c1cc2cc(CNCCO)sc2s1,18
CHEMBL541089,6.4,IC50,=,CN(C)Cc1cc(C(=O)c2csc(S(N)(=O)=O)c2)ccc1O.Cl,23
CHEMBL103255,6.49,IC50,=,COCCOCCN(CCOC)Cc1cc2cc(S(N)(=O)=O)oc2s1,25
CHEMBL543798,6.5,IC50,=,COCCOCCCNCc1cc2cc(S(N)(=O)=O)sc2s1.Cl,23
CHEMBL543415,6.5,Ki,=,CC(C)CNCc1ccc(S(=O)(=O)c2csc(S(N)(=O)=O)c2)cc1.Cl,25
CHEMBL165124,6.5,IC50,=,CC(=O)Oc1ccc2oc(S(N)(=O)=O)cc2c1,17
CHEMBL349815,6.5,IC50,=,NS(=O)(=O)c1cc2cc(O)ccc2o1,14
CHEMBL51097,6.6,IC50,=,NS(=O)(=O)c1cc2cc(C(=O)N(CCO)CCO)sc2s1,21
CHEMBL83232,6.8,IC50,=,NS(=O)(=O)c1cc2ccc(OS(=O)(=O)[O-])cc2s1.[Na+],19
CHEMBL43440,6.8,IC50,=,NS(=O)(=O)c1cc(C(=O)c2ccccc2)cs1,17
CHEMBL80028,6.8,IC50,=,CCOC(=O)Oc1ccc2nc(S(N)(=O)=O)sc2c1,19
CHEMBL82557,6.8,IC50,=,CC(C)C(=O)Oc1ccc2nc(S(N)(=O)=O)sc2c1,19
CHEMBL51506,7.0,Ki,=,NS(=O)(=O)c1ccc(CNC(=O)c2ccc(S(N)(=O)=O)cc2)cc1,24
CHEMBL439957,7.0,Ki,=,CCc1cc(-c2ccccc2)cc(CC)[n+]1CC(=O)/N=c1/sc(S(N)(=O)=O)nn1C.[O-][Cl+3]([O-])([O-])[O-],35
CHEMBL103524,7.0,Ki,=,Cc1cc(C)[n+](CC(=O)OCCOc2ccc3nc(S(N)(=O)=O)sc3c2)c(C)c1.[O-][Cl+3]([O-])([O-])[O-],34
CHEMBL167179,7.0,Ki,=,NS(=O)(=O)Nc1ccc(C(F)(F)F)cc1,15
CHEMBL143992,7.0,Ki,=,NS(=O)(=O)c1ccc(N/C(S)=N/C(Cc2ccc(O)c(O)c2)C(=O)O)cc1,27
CHEMBL421060,7.0,Ki,=,NS(=O)(=O)OCCOc1ccc(-n2ccnc2)cc1,19
CHEMBL287117,7.0,Ki,=,NS(=O)(=O)c1nc2ccc(OCCO)cc2s1,17
CHEMBL108381,7.0,Ki,=,CCCC(CCC)C(=O)OCCOc1ccc2nc(S(N)(=O)=O)sc2c1,26
CHEMBL326036,7.0,Ki,=,CCCC(CCC)C(=O)Oc1ccc2nc(S(N)(=O)=O)sc2c1,23
CHEMBL100456,7.0,Ki,=,CCc1cc(-c2ccccc2)cc(CC)[n+]1CC(=O)Oc1ccc2nc(S(N)(=O)=O)sc2c1.[O-][Cl+3]([O-])([O-])[O-],38
CHEMBL326240,7.0,Ki,=,CCCC(CCC)C(=O)Nc1ccc2nc(S(N)(=O)=O)sc2c1,23
CHEMBL35338,7.0,Ki,=,NS(=O)(=O)c1ccc(NC(=O)CN(CCN(CCN(CC(=O)O)CC(=O)Nc2ccc(S(N)(=O)=O)cc2F)CC(=O)O)CC(=O)O)c(F)c1,49
CHEMBL141108,7.0,Ki,=,Cn1nc(S(N)(=O)=O)s/c1=N/S(=O)(=O)c1ccc(NC(=O)c2c(F)c(F)c(F)c(F)c2F)cc1,34
CHEMBL161560,7.0,Ki,=,NS(=O)(=O)c1nnc(NCc2cc(=O)oc3cc(Cl)ccc23)s1,23
CHEMBL319297,7.0,Ki,=,CCc1cc(-c2ccccc2)cc(CC)[n+]1CC(=O)Nc1nnc(S(N)(=O)=O)s1.[O-][Cl+3]([O-])([O-])[O-],34
CHEMBL120304,7.0,IC50,=,NC(=O)Nc1ccc(S(=O)(=O)Nc2ccc(S(N)(=O)=O)cc2)cc1,24
CHEMBL1795062,7.0,Ki,=,NS(=O)(=O)c1ccc(CCNC(=O)CN(CCN(CCN(CC(=O)O)CC(=O)NCCc2ccc(S(N)(=O)=O)cc2)CC(=O)O)CC(=O)O)cc1.[Zn],52
CHEMBL105731,7.0,IC50,=,NS(=O)(=O)c1ccc(S(=O)(=O)CCCCO)cc1,18
CHEMBL100075,7.0,Ki,=,CC(C)c1cc(-c2ccccc2)cc(C(C)C)[n+]1CC(=O)OCCOc1ccc2nc(S(N)(=O)=O)sc2c1.[O-][Cl+3]([O-])([O-])[O-],43
CHEMBL99736,7.0,Ki,=,Cc1cc(C)[n+](CC(=O)NCCC(=O)Nc2nnc(S(N)(=O)=O)s2)c(C)c1.[O-][Cl+3]([O-])([O-])[O-],32
CHEMBL542219,7.0,IC50,=,CCN(CC)Cc1cc(C(=O)c2csc(S(N)(=O)=O)c2)ccc1O.Cl,25
CHEMBL4098239,7.0,IC50,=,C[C@]12CC[C@@H]3c4ccc(O)cc4CC[C@H]3[C@@H]1CC[C@@H]2OC(=O)[C@@H]1CCCN1C(=O)c1coc(S(N)(=O)=O)c1,38
CHEMBL2092885,7.1,IC50,=,CCN[C@@H]1CCS(=O)(=O)c2sc(S(N)(=O)=O)cc21.Cl,19
CHEMBL348573,7.11,Ki,=,NS(=O)(=O)c1cc2c(s1)S(=O)(=O)CC(O)C2,16
CHEMBL544129,8.0,IC50,=,Cl.NS(=O)(=O)c1cc(S(=O)(=O)c2ccc(CNCc3ccccn3)cc2)cs1,28
CHEMBL431421,8.0,Ki,=,Cc1cc(C)[n+](CC(=O)Oc2ccc3nc(S(N)(=O)=O)sc3c2)c(C)c1.[O-][Cl+3]([O-])([O-])[O-],31
CHEMBL103478,8.0,Ki,=,CC(C)c1cc(-c2ccccc2)cc(C(C)C)[n+]1CC(=O)Oc1ccc2nc(S(N)(=O)=O)sc2c1.[O-][Cl+3]([O-])([O-])[O-],40
CHEMBL161205,8.0,Ki,=,NS(=O)(=O)c1nnc(NN2C(=O)c3cccnc3C2=O)s1,21
CHEMBL322014,8.0,IC50,=,CCCNCc1cc2cc(S(N)(=O)=O)oc2s1,17
CHEMBL165346,8.0,IC50,=,NS(=O)(=O)c1cc2ccccc2o1,13
CHEMBL344001,8.0,Ki,=,NS(=O)(=O)c1ccc(NS(=O)(=O)c2ccc(NS(=O)(=O)c3c(F)c(F)c(F)c(F)c3F)cc2)cc1,35
CHEMBL422825,8.0,Ki,=,NS(=O)(=O)c1cccc(NS(=O)(=O)c2ccc(NS(=O)(=O)c3c(F)c(F)c(F)c(F)c3F)cc2)c1,35
CHEMBL140306,8.0,Ki,=,NS(=O)(=O)c1nnc(NS(=O)(=O)c2ccc(NC(=O)c3c(F)c(F)c(F)c(F)c3F)cc2)s1,33
CHEMBL82643,8.0,IC50,=,NS(=O)(=O)c1nc2ccc(OC(=O)c3ccccc3)cc2s1,22
CHEMBL286862,8.0,Ki,=,NS(=O)(=O)c1ccc(CCNC(=O)CN(CCN(CCN(CC(=O)O)CC(=O)NCCc2ccc(S(N)(=O)=O)cc2)CC(=O)O)CC(=O)O)cc1,51
CHEMBL320436,8.0,Ki,=,Cc1cc(C)[n+](CC(=O)/N=c2/sc(S(N)(=O)=O)nn2C)c(C)c1.[O-][Cl+3]([O-])([O-])[O-],28
CHEMBL147726,8.0,Ki,=,NS(=O)(=O)c1ccc(N/C(S)=N/C(CC(=O)O)C(=O)O)cc1,22
CHEMBL105637,8.0,IC50,=,NS(=O)(=O)c1ccc(CCCCCO)cc1,16
CHEMBL342407,8.0,Ki,=,NS(=O)(=O)c1cc(S(N)(=O)=O)c(NS(=O)(=O)C(F)(F)C(F)(F)C(F)(F)C(F)(F)F)cc1Cl,32
CHEMBL319897,8.0,Ki,=,CC(C)c1cc(-c2ccccc2)cc(C(C)C)[n+]1CC(=O)/N=c1/sc(S(N)(=O)=O)nn1C.[O-][Cl+3]([O-])([O-])[O-],37
CHEMBL319486,8.0,Ki,=,Cc1cc(-c2ccccc2)cc(C)[n+]1CC(=O)Nc1ccc(S(=O)(=O)Nc2ccc(S(N)(=O)=O)cc2)cc1.[O-][Cl+3]([O-])([O-])[O-],43
CHEMBL103271,8.0,IC50,=,CCOCCNCc1cc2cc(S(N)(=O)=O)oc2s1,19
CHEMBL420105,8.0,Ki,=,CC(C)c1cc(-c2ccccc2)cc(C(C)C)[n+]1CC(=O)Nc1ccc2nc(S(N)(=O)=O)sc2c1.[O-][Cl+3]([O-])([O-])[O-],40
CHEMBL352483,8.0,Ki,=,Cc1cc(-c2ccccc2)cc(C)[n+]1CCc1ccc(S(N)(=O)=O)cc1.[O-][Cl+3]([O-])([O-])[O-],31
CHEMBL348997,8.0,Ki,=,CCN(Cc1cc(=O)oc2cc(Cl)ccc12)C1CC(C)S(=O)(=O)c2sc(S(N)(=O)=O)cc21,32
CHEMBL86259,8.0,IC50,=,CC(C)(C)N1CC(COc2ccc3cc(S(N)(=O)=O)sc3c2)OC1=O,25
CHEMBL101371,8.2,IC50,=,NS(=O)(=O)c1cc2cc(CNCc3ccccn3)sc2o1,21
CHEMBL3787223,8.25,IC50,=,COc1ccc2c(c1)CCC(NS(=O)(=O)N(C)C)C2,19
CHEMBL1095884,8.29,IC50,=,NS(=O)(=O)c1ccc(Sc2c(F)c(F)cc(F)c2F)nc1,21
CHEMBL543561,8.4,IC50,=,Cl.NS(=O)(=O)c1cc2cc(CNC(CO)CO)sc2s1,20
CHEMBL3786448,8.66,IC50,=,COc1ccc2c(c1)CC(NS(=O)(=O)N(C)C)CC2,19
CHEMBL314803,8.8,IC50,=,NS(=O)(=O)c1cc2ccc(O)cc2s1,14
CHEMBL87939,8.8,IC50,=,COc1ccc2cc(S(N)(=O)=O)sc2c1,15
CHEMBL555889,8.8,IC50,=,CN(C)CCNC(=O)c1cc2cc(S(N)(=O)=O)sc2s1.Cl,21
CHEMBL544355,9.0,IC50,=,CC(C)CCNCc1cccc(C(=O)c2csc(S(N)(=O)=O)c2)c1.Cl,25
CHEMBL541080,9.0,IC50,=,CN(C)Cc1cc(S(=O)(=O)c2csc(S(N)(=O)=O)c2)ccc1O.Cl,24
CHEMBL3137808,9.0,Ki,=,C[C@H](CCC(=O)Nc1c(S(N)(=O)=O)cc(S(N)(=O)=O)c(Cl)c1Cl)[C@H]1CC[C@H]2[C@@H]3C(=O)C[C@@H]4CC(=O)CC[C@]4(C)[C@H]3CC(=O)[C@]12C,45
CHEMBL102705,9.0,Ki,=,Cc1cc(C)[n+](CC(=O)Nc2ccc3nc(S(N)(=O)=O)sc3c2)c(C)c1.[O-][Cl+3]([O-])([O-])[O-],31
CHEMBL122708,9.0,IC50,=,C[C@]12CC[C@@H]3c4ccc(OS(N)(=O)=O)cc4CC[C@H]3[C@@H]1CCC2=O,24
CHEMBL14182,9.0,Ki,=,Nc1ccc(S(=O)(=O)Nc2cccc(S(N)(=O)=O)c2)cc1,21
CHEMBL23579,9.0,Ki,=,CC(C)(C)C(=O)Nc1nnc(S(N)(=O)=O)s1,16
CHEMBL73962,9.0,Ki,=,NS(=O)(=O)c1nnc(NS(=O)(=O)c2ccccc2)s1,19
CHEMBL322589,9.0,Ki,=,CC(C)(C)OC(=O)Nc1nnc(S(N)(=O)=O)s1,17
CHEMBL83589,9.0,IC50,=,COCc1ccc2sc(S(N)(=O)=O)cc2c1,16
CHEMBL87179,9.0,IC50,=,NS(=O)(=O)c1cc2cc(CO)ccc2s1,15
CHEMBL30168,9.0,Ki,=,NS(=O)(=O)c1ccc(NC(=O)CN(CCN(CCN(CC(=O)O)CC(=O)Nc2ccc(S(N)(=O)=O)cc2I)CC(=O)O)CC(=O)O)c(I)c1,49
CHEMBL171589,9.0,Ki,=,CCc1cc(-c2ccccc2)cc(CC)[n+]1CCc1ccc(S(N)(=O)=O)cc1.[O-][Cl+3]([O-])([O-])[O-],33
CHEMBL140428,9.0,Ki,=,NS(=O)(=O)c1ccc(NS(=O)(=O)c2c(F)c(F)c(F)c(F)c2F)c(F)c1,26
CHEMBL105607,9.0,IC50,=,NS(=O)(=O)c1ccc(SCCCO)c(Cl)c1,16
CHEMBL107266,9.0,IC50,=,NS(=O)(=O)c1ccc(SCCO)c(F)c1,15
CHEMBL102401,9.0,Ki,=,CC(C)c1cc(-c2ccccc2)cc(C(C)C)[n+]1CC(=O)Nc1nnc(S(N)(=O)=O)s1.[O-][Cl+3]([O-])([O-])[O-],36
CHEMBL103087,9.0,IC50,=,CNCc1cc2cc(S(N)(=O)=O)oc2s1,15
CHEMBL321052,9.0,Ki,=,Cc1cc(-c2ccccc2)cc(C)[n+]1CC(=O)Nc1ccc(S(=O)(=O)Nc2cccc(S(N)(=O)=O)c2)cc1.[O-][Cl+3]([O-])([O-])[O-],43
CHEMBL544127,9.0,IC50,=,CC(C)CN(C)Cc1cc(C(=O)c2csc(S(N)(=O)=O)c2)ccc1O.Cl,26
CHEMBL305726,9.0,Ki,=,NS(=O)(=O)c1ccc(CCNS(=O)(=O)c2c(F)c(F)cc(F)c2F)cc1,26
CHEMBL35118,9.0,Ki,=,Nc1ccc2nc(S(N)(=O)=O)sc2c1,14
CHEMBL421767,9.0,Ki,=,NC(=O)CCC(/N=C(\S)Nc1ccc(S(N)(=O)=O)cc1)C(=O)O,23
CHEMBL298110,9.0,Ki,=,NS(=O)(=O)c1ccc(C(=O)N[C@@H](Cc2c[nH]cn2)C(=O)N[C@@H](Cc2ccccc2)C(=O)O)cc1,34
CHEMBL32208,9.0,Ki,=,NS(=O)(=O)c1cc(S(N)(=O)=O)c(NC(=O)CN(CCN(CCN(CC(=O)O)CC(=O)Nc2c(S(N)(=O)=O)cc(S(N)(=O)=O)c(Cl)c2Cl)CC(=O)O)CC(=O)O)c(Cl)c1Cl,59
CHEMBL51346,9.0,Ki,=,CC(C)C[C@H](NC(=O)c1ccc(S(N)(=O)=O)cc1)C(=O)NCC(=O)O,25
CHEMBL164126,9.0,IC50,=,Nc1ccc2oc(S(N)(=O)=O)cc2c1,14
CHEMBL107537,9.0,IC50,=,NS(=O)(=O)c1ccc(SCCCCO)cc1,16
CHEMBL111504,9.0,Ki,=,CCCC(CCC)C(=O)NCCC(=O)Nc1nnc(S(N)(=O)=O)s1,24
CHEMBL2112276,9.0,Ki,=,NS(=O)(=O)c1ccc(CNC(=O)CN(CCN(CCN(CC(=O)O)CC(=O)NCc2ccc(S(N)(=O)=O)cc2)CC(=O)[O-])CC(=O)[O-])cc1.[Zn+2],50
CHEMBL23922,9.0,Ki,=,NS(=O)(=O)c1ccc(NS(=O)(=O)c2ccc(F)cc2)cc1,21
CHEMBL545057,9.0,IC50,=,CCN(CC)Cc1cc(S(=O)(=O)c2csc(S(N)(=O)=O)c2)ccc1O.Cl,26
CHEMBL3787502,9.27,IC50,=,COc1ccc2c(c1)C[C@@H](NC(=O)N(C)C)CC2,18
CHEMBL2392425,9.33,IC50,=,NS(=O)(=O)c1ccc(/N=C2/NC(=O)/C(=C/c3cc(O)ccc3Br)S2)cc1,26
CHEMBL23684,10.0,Ki,=,NS(=O)(=O)c1ccc(NS(=O)(=O)c2ccc([N+](=O)[O-])cc2)cc1,23
CHEMBL310291,10.0,IC50,=,CC(C)(C)OC(=O)Oc1ccc2nc(S(N)(=O)=O)sc2c1,21
CHEMBL2112278,10.0,Ki,=,C[C@H]1O[C@@H](Nc2ccc(S(N)(=O)=O)cc2)[C@@H](O)[C@H](O)[C@H]1O,21
CHEMBL54235,10.0,Ki,=,NS(=O)(=O)c1ccc(NC(=O)c2ccc(S(N)(=O)=O)cc2)cc1,23
CHEMBL52227,10.0,Ki,=,NS(=O)(=O)c1ccc(C(=O)N[C@@H](Cc2c[nH]cn2)C(=O)NCC(=O)O)cc1,27
CHEMBL539259,10.0,IC50,=,CC(C)(C)NCc1cc2cc(S(N)(=O)=O)sc2s1.Cl,19
CHEMBL85470,10.0,IC50,=,CC(=O)OCc1ccc2sc(S(N)(=O)=O)cc2c1,18
CHEMBL106683,10.0,IC50,=,NS(=O)(=O)c1ccc(SCCCO)s1,14
CHEMBL342622,10.0,Ki,=,NS(=O)(=O)c1ccc(NS(=O)(=O)c2c(F)c(F)c(F)c(F)c2F)cc1,25
CHEMBL23174,10.0,Ki,=,NS(=O)(=O)c1ccc(CCNC(=O)c2cc3ccccc3oc2=O)cc1,26
CHEMBL508578,10.0,IC50,=,NS(=O)(=O)c1nnc(NC(=O)c2nn(-c3cccc(/N=N/c4c(O)ccc5ccccc45)c3)c(-c3ccccc3)c2C(=O)c2ccccc2)s1,50
CHEMBL419553,10.0,Ki,=,CCCC(CCC)C(=O)/N=c1/sc(S(N)(=O)=O)nn1C,20
CHEMBL342679,10.0,Ki,=,NS(=O)(=O)c1cccc(NS(=O)(=O)c2c(F)c(F)c(F)c(F)c2F)c1,25
CHEMBL513659,10.0,IC50,=,NS(=O)(=O)c1nnc(NC(=O)c2nn(-c3cccc(O)c3)c(-c3ccccc3)c2C(=O)c2ccccc2)s1,38
CHEMBL50128,10.0,Ki,=,NS(=O)(=O)c1nnc(NC(=O)c2ccc(Cl)c(S(N)(=O)=O)c2)s1,23
CHEMBL108971,10.0,Ki,=,NS(=O)(=O)c1nnc(NC(=O)C23C[C@H]4C[C@@H](C2)C[C@@H](C3)C4)s1,22
CHEMBL111336,10.0,Ki,=,COc1cc(C(=O)Nc2nnc(S(N)(=O)=O)s2)cc(OC)c1OC,24
CHEMBL318839,10.0,Ki,=,Cc1cc(-c2ccccc2)cc(C)[n+]1CC(=O)Nc1cc(C(F)(F)F)c(S(N)(=O)=O)cc1S(N)(=O)=O.[O-][Cl+3]([O-])([O-])[O-],41
CHEMBL170592,10.0,Ki,=,Cc1cc(C)[n+](CCc2ccc(S(N)(=O)=O)cc2)c(C)c1C.[O-][Cl+3]([O-])([O-])[O-],27
CHEMBL318969,10.0,Ki,=,Cc1cc(-c2ccccc2)cc(C)[n+]1CC(=O)Nc1ccc(S(N)(=O)=O)cc1Cl.[O-][Cl+3]([O-])([O-])[O-],34
CHEMBL356059,10.0,Ki,=,NS(=O)(=O)c1ccc(N/C(S)=N/C(CCC(=O)O)C(=O)O)cc1,23
CHEMBL85910,10.0,IC50,=,Nc1ccc2cc(S(N)(=O)=O)sc2c1,14
CHEMBL311440,10.0,IC50,=,NS(=O)(=O)c1nc2ccc(OC(=O)Cc3ccc(Cl)cc3)cc2s1,24
CHEMBL284617,10.0,Ki,=,NS(=O)(=O)c1cc(S(N)(=O)=O)c(NC(=O)CN(CCN(CCN(CC(=O)O)CC(=O)O)CC(=O)O)CC(=O)O)c(Cl)c1Cl,43
CHEMBL319030,10.0,Ki,=,Cc1cc(C)[n+](CC(=O)Nc2nnc(S(N)(=O)=O)s2)c(C)c1.[O-][Cl+3]([O-])([O-])[O-],27
CHEMBL2333416,10.0,IC50,=,NS(=O)(=O)c1c(F)c(F)c(SCCO)c(F)c1F,18
CHEMBL287316,10.0,Ki,=,NS(=O)(=O)c1ccc(NC(=O)CN(CCN(CCN(CC(=O)O)CC(=O)Nc2ccc(S(N)(=O)=O)cc2Br)CC(=O)O)CC(=O)O)c(Br)c1,49
CHEMBL120775,10.0,Ki,=,NS(=O)(=O)NS(=O)(=O)c1cccc(C(=O)O)c1,17
CHEMBL3143261,10.0,Ki,=,NS(=O)(=O)c1ccc(NC(=S)N[C@@H](CC(=O)O)C(=O)N[C@@H](CC(=O)O)C(=O)N[C@@H](CC(=O)O)C(=O)N[C@@H](CC(=O)O)C(=O)O)cc1,46
CHEMBL1098206,10.1,IC50,=,NS(=O)(=O)c1ccc(SCc2ccccc2)c(C(=O)NCc2ccccc2)c1,28
CHEMBL1387347,10.58,IC50,=,NS(=O)(=O)c1cc(C(=O)NCCOc2ccccc2)c(Cl)cc1Cl,24
CHEMBL1099137,10.6,IC50,=,COCCCNC(=O)c1cc(S(N)(=O)=O)cnc1Sc1c(F)c(F)cc(F)c1F,29
CHEMBL3786719,10.84,IC50,=,CN(C)S(=O)(=O)NC1CCc2ccc(O)cc2C1,18
CHEMBL421940,11.0,Ki,=,NS(=O)(=O)c1ccc(N/C(S)=N\CCC(=O)O)cc1,19
CHEMBL103825,11.0,Ki,=,Cc1cc(-c2ccccc2)cc(C)[n+]1CC(=O)Nc1nccc(Nc2ccc(S(N)(=O)=O)cc2)n1.[O-][Cl+3]([O-])([O-])[O-],40
CHEMBL554875,11.0,IC50,=,CN1CCN(Cc2ccc(S(=O)(=O)c3csc(S(N)(=O)=O)c3)cc2)CC1.Cl,27
CHEMBL317694,11.0,IC50,=,COCCNCc1cc2cc(S(N)(=O)=O)oc2s1,18
CHEMBL165878,11.0,Ki,=,COc1ccc(NS(N)(=O)=O)cc1,13
CHEMBL53407,11.0,Ki,=,NS(=O)(=O)c1cc(C(=O)Nc2nnc(S)s2)ccc1Cl,20
CHEMBL344889,11.0,Ki,=,NS(=O)(=O)c1ccc(NS(=O)(=O)c2ccc(NC(=O)C(F)(F)C(F)(F)C(F)(F)C(F)(F)C(F)(F)C(F)(F)C(F)(F)C(F)(F)F)cc2)cc1,48
CHEMBL315221,11.0,IC50,=,NS(=O)(=O)c1cc2cccc(O)c2s1,14
CHEMBL316757,11.0,IC50,=,NS(=O)(=O)c1cc2cc(CNCCCCO)sc2o1,19
CHEMBL2113370,11.0,Ki,=,C[C@H](CCC(=O)/N=c1\sc(S(N)(=O)=O)nn1C)[C@H]1CC[C@H]2[C@@H]3CC[C@@H]4C[C@H](O)CC[C@]4(C)[C@H]3C[C@H](O)[C@]12C,38
CHEMBL354386,11.0,IC50,=,NS(=O)(=O)c1cc2ccc(O)cc2o1,14
CHEMBL144970,11.0,Ki,=,NS(=O)(=O)c1ccc(N/C(S)=N/C(Cc2c[nH]c3ccccc23)C(=O)O)cc1,28
CHEMBL284831,11.0,Ki,=,NS(=O)(=O)c1cc(S(N)(=O)=O)c(NC(=O)CN(CCN(CCN(CC(=O)O)CC(=O)Nc2cc(Cl)c(S(N)(=O)=O)cc2S(N)(=O)=O)CC(=O)O)CC(=O)O)cc1Cl,57
CHEMBL343944,11.0,Ki,=,NS(=O)(=O)c1ccc(Nc2ccnc(NS(=O)(=O)c3c(F)c(F)c(F)c(F)c3F)n2)cc1,32
CHEMBL144322,11.0,Ki,=,NS(=O)(=O)c1ccc(N/C(S)=N\CCCC(=O)O)cc1,20
CHEMBL103621,11.0,IC50,=,CCNCc1cc2cc(S(N)(=O)=O)oc2s1,16
CHEMBL103945,11.0,Ki,=,CCc1cc(-c2ccccc2)cc(CC)[n+]1CC(=O)Nc1ccc(S(=O)(=O)Nc2ccc(S(N)(=O)=O)cc2)cc1.[O-][Cl+3]([O-])([O-])[O-],45
CHEMBL354062,11.0,IC50,=,CC(=O)Oc1ccc2[nH]c(S(N)(=O)=O)cc2c1,17
CHEMBL1099152,11.5,IC50,=,COc1ccc(CCCNC(=O)c2cc(S(N)(=O)=O)cnc2Sc2c(F)c(F)cc(F)c2F)cc1,35
CHEMBL3786516,11.67,IC50,=,COc1ccc2c(c1)CCC(NC(=O)N(C)C)C2,18
CHEMBL179559,11.82,IC50,=,NS(=O)(=O)c1ccc(NC(=S)NC(=O)c2ccc(Cl)cc2Cl)cc1,24
CHEMBL319182,12.0,Ki,=,Cc1cc(-c2ccccc2)cc(C)[n+]1CC(=O)Nc1cc(Cl)c(S(N)(=O)=O)cc1S(N)(=O)=O.[O-][Cl+3]([O-])([O-])[O-],38
CHEMBL77284,12.0,Ki,=,NS(=O)(=O)c1ccc(CCNC(=O)c2c(F)c(F)cc(F)c2F)cc1,25
CHEMBL541856,12.0,IC50,=,CC(C)CNCc1cccc(S(=O)(=O)c2csc(S(N)(=O)=O)c2)c1.Cl,25
CHEMBL353767,12.0,Ki,=,NS(=O)(=O)Nc1ccc(O)cc1,12
CHEMBL304131,12.0,IC50,=,CCCCCCCCS(=O)(=O)C(Cl)S(N)(=O)=O,17
CHEMBL168514,12.0,Ki,=,NS(=O)(=O)Nc1ccccc1,11
CHEMBL337771,12.0,Ki,=,NS(=O)(=O)c1ccc(NS(=O)(=O)c2ccc(NS(=O)(=O)C(F)(F)C(F)(F)C(F)(F)C(F)(F)C(F)(F)C(F)(F)C(F)(F)C(F)(F)F)cc2)cc1,49
CHEMBL141255,12.0,Ki,=,NS(=O)(=O)c1cc(S(N)(=O)=O)c(NC(=O)c2c(F)c(F)c(F)c(F)c2F)cc1Cl,29
CHEMBL6633,12.0,Ki,=,Nc1nccc(Nc2ccc(S(N)(=O)=O)cc2)n1,18
CHEMBL106493,12.0,IC50,=,COCCCNCc1cc2cc(S(N)(=O)=O)oc2s1,19
CHEMBL357475,12.0,Ki,=,NCCCCC(/N=C(\S)Nc1ccc(S(N)(=O)=O)cc1)C(=O)O,23
CHEMBL103413,12.0,Ki,=,Cc1cc(-c2ccccc2)cc(C)[n+]1CC(=O)Nc1c(S(N)(=O)=O)cc(S(N)(=O)=O)c(Cl)c1Cl.[O-][Cl+3]([O-])([O-])[O-],39
CHEMBL265534,12.0,Ki,=,NS(=O)(=O)c1ccc(CNS(=O)(=O)c2c(F)c(F)cc(F)c2F)cc1,25
CHEMBL320591,12.0,Ki,=,CCc1cc(-c2ccccc2)cc(CC)[n+]1CC(=O)Nc1ccc(S(=O)(=O)Nc2cccc(S(N)(=O)=O)c2)cc1.[O-][Cl+3]([O-])([O-])[O-],45
CHEMBL102904,12.0,Ki,=,Cc1cc(-c2ccccc2)cc(C)[n+]1CC(=O)Nc1ccc(S(N)(=O)=O)cc1F.[O-][Cl+3]([O-])([O-])[O-],34
CHEMBL296390,12.0,Ki,=,C[C@H](NC(=O)c1ccc(S(N)(=O)=O)cc1)C(=O)N[C@@H](Cc1ccccc1)C(=O)O,29
CHEMBL161371,12.0,Ki,=,NS(=O)(=O)c1cc(S(N)(=O)=O)c(NCc2cc(=O)oc3cc(Cl)ccc23)cc1Cl,29
CHEMBL1089967,12.0,Ki,=,NS(=O)(=O)c1ccc(N[C@@H]2OC[C@@H](O)[C@@H](O)[C@H]2O)cc1,20
CHEMBL541087,12.0,IC50,=,CCCCNCc1ccc(C(=O)c2csc(S(N)(=O)=O)c2)cc1.Cl,24
CHEMBL290348,12.0,Ki,=,NS(=O)(=O)c1cc(S(N)(=O)=O)c(NC(=O)CN(CCN(CCN(CC(=O)O)CC(=O)O)CC(=O)O)CC(=O)O)cc1Cl,42
CHEMBL144982,12.0,Ki,=,CC(/N=C(/S)Nc1ccc(S(N)(=O)=O)cc1)C(=O)O,19
CHEMBL101370,12.0,IC50,=,NS(=O)(=O)c1cc2cc(CNCCF)sc2o1,17
CHEMBL315921,12.0,IC50,=,COc1cccc2sc(S(N)(=O)=O)cc12,15
CHEMBL34768,12.0,Ki,=,NS(=O)(=O)c1ccc(NC(=O)CN(CCN(CCN(CC(=O)O)CC(=O)O)CC(=O)O)CC(=O)O)c(Br)c1,38
CHEMBL23744,12.0,Ki,=,NS(=O)(=O)c1ccc(CNC(=O)c2cc3ccccc3oc2=O)cc1,25
CHEMBL104000,12.0,IC50,=,NS(=O)(=O)c1ccc(S(=O)(=O)CCCO)cc1,17
CHEMBL87497,12.0,IC50,=,NS(=O)(=O)c1cc2c(O)cccc2s1,14
CHEMBL313026,12.0,IC50,=,CN(C)Cc1ccc2sc(S(N)(=O)=O)cc2c1,17
CHEMBL1098496,12.3,IC50,=,NS(=O)(=O)c1ccc(Sc2ccccc2)c(C(=O)NCc2ccccc2)c1,27
CHEMBL555182,12.3,IC50,=,CCN(CC)C1CCS(=O)(=O)c2sc(S(N)(=O)=O)cc21.Cl,21
CHEMBL2392433,12.54,IC50,=,COc1ccc(CNc2ccc(S(N)(=O)=O)cc2)cc1OC,22
CHEMBL310152,12.8,IC50,=,NS(=O)(=O)c1cc2c(s1)SCC(=O)N2,14
CHEMBL2298033,12.94,IC50,=,NS(=O)(=O)c1ccc(NC(=S)NC(=O)c2ccc(Cl)cc2)cc1,23
CHEMBL3786442,12.97,IC50,=,CN(C)S(=O)(=O)N[C@H]1CCc2cc(O)ccc2C1,18
CHEMBL278295,13.0,Ki,=,NS(=O)(=O)c1ccc(CCNC(=O)Nc2ccc(Cl)c(Cl)c2)cc1,24
CHEMBL144766,13.0,Ki,=,NS(=O)(=O)c1ccc(N/C(S)=N\c2ccccc2C(=O)O)cc1,23
CHEMBL308631,13.0,Ki,=,NS(=O)(=O)c1ccc(CNC(=O)c2c(F)c(F)cc(F)c2F)cc1,24
CHEMBL168778,13.0,Ki,=,NS(=O)(=O)Nc1ccc([N+](=O)[O-])cc1,14
CHEMBL32732,13.0,Ki,=,NS(=O)(=O)c1ccc(NC(=O)CN(CCN(CCN(CC(=O)O)CC(=O)O)CC(=O)O)CC(=O)O)c(F)c1,38
CHEMBL467098,13.0,IC50,=,CCOC(=O)c1c(C(=O)Nc2nnc(S(N)(=O)=O)s2)nn(-c2cccc(N)c2)c1-c1ccccc1,35
CHEMBL141346,13.0,Ki,=,NS(=O)(=O)c1nnc(NC(=O)CCNS(=O)(=O)C(F)(F)F)s1,22
CHEMBL168511,13.0,Ki,=,Cc1ccc(NS(N)(=O)=O)cc1,12
CHEMBL23967,13.0,Ki,=,NS(=O)(=O)c1ccc(NC(=O)c2cc3ccccc3oc2=O)cc1,24
CHEMBL44335,13.0,IC50,=,CCCCCCC(O)c1csc(S(N)(=O)=O)c1,17
CHEMBL318486,13.0,Ki,=,CCc1cc(-c2ccccc2)cc(CC)[n+]1CC(=O)Nc1c(S(N)(=O)=O)cc(S(N)(=O)=O)c(Cl)c1Cl.[O-][Cl+3]([O-])([O-])[O-],41
CHEMBL555186,13.0,IC50,=,CC(C)CNCc1cccc(C(=O)c2csc(S(N)(=O)=O)c2)c1.Cl,24
CHEMBL103398,13.0,Ki,=,Cc1cc(-c2ccccc2)cc(C)[n+]1CC(=O)Nc1ccc(S(N)(=O)=O)cc1Br.[O-][Cl+3]([O-])([O-])[O-],34
CHEMBL76626,13.0,Ki,=,NS(=O)(=O)c1ccc(CCNS(=O)(=O)c2ccc(NC(=O)c3c(F)c(F)cc(F)c3F)cc2)cc1,35
CHEMBL3138387,13.0,Ki,=,C[C@H](CCC(=O)/N=c1\sc(S(N)(=O)=O)nn1C)[C@H]1CC[C@H]2[C@@H]3[C@H](O)C[C@@H]4C[C@H](O)CC[C@]4(C)[C@H]3CC[C@]12C,38
CHEMBL101792,14.0,IC50,=,COCCOCCCNCc1cc2cc(S(N)(=O)=O)oc2s1,22
CHEMBL82806,14.0,IC50,=,NS(=O)(=O)c1cc2ccc(OCC(=O)O)cc2s1,18
CHEMBL2111555,14.0,Ki,=,C[C@H]1O[C@@H](Nc2ccc(S(N)(=O)=O)cc2)[C@H](O)[C@H](O)[C@@H]1O,21
CHEMBL103415,14.0,Ki,=,CCc1cc(-c2ccccc2)cc(CC)[n+]1CC(=O)Nc1cc(C(F)(F)F)c(S(N)(=O)=O)cc1S(N)(=O)=O.[O-][Cl+3]([O-])([O-])[O-],43
CHEMBL555312,14.0,IC50,=,CC(C)CNCc1ccc(S(=O)(=O)c2csc(S(N)(=O)=O)c2)cc1O.Cl,26
CHEMBL50929,14.0,IC50,=,NCc1cc2cc(S(N)(=O)=O)sc2s1,14
CHEMBL158090,14.1,Ki,=,NS(=O)(=O)c1cc2c(s1)C(=O)CCS2(=O)=O,16
CHEMBL352218,14.2,Ki,=,NS(=O)(=O)c1cc2c(s1)C(O)CCS2,14
CHEMBL143294,15.0,Ki,=,NS(=O)(=O)c1ccc(NS(=O)(=O)c2ccc(NS(=O)(=O)C(F)(F)C(F)(F)C(F)(F)C(F)(F)F)cc2)cc1,37
CHEMBL513122,15.0,IC50,=,CCOC(=O)c1c(C(=O)Nc2nnc(S(N)(=O)=O)s2)nn(-c2ccc(N)cc2)c1-c1ccccc1,35
CHEMBL32096,15.0,Ki,=,NS(=O)(=O)c1ccc(CCNC(=O)CN(CCN(CCN(CC(=O)O)CC(=O)O)CC(=O)O)CC(=O)O)cc1,39
CHEMBL553845,15.0,IC50,=,Cl.NS(=O)(=O)c1cc2cc(CN3CCOCC3)ccc2s1,21
CHEMBL316582,15.0,IC50,=,NS(=O)(=O)c1ccc(CCCCO)cc1,15
CHEMBL342088,15.0,Ki,=,NS(=O)(=O)c1ccc(N/C(S)=N/CC(=O)NCC(=O)O)cc1,22
CHEMBL169869,15.0,Ki,=,Cc1cc(C)[n+](CCc2ccc(S(N)(=O)=O)cc2)c(C(C)C)c1.[O-][Cl+3]([O-])([O-])[O-],28
CHEMBL321795,15.0,Ki,=,CCc1cc(-c2ccccc2)cc(CC)[n+]1CC(=O)Nc1cc(Cl)c(S(N)(=O)=O)cc1S(N)(=O)=O.[O-][Cl+3]([O-])([O-])[O-],40
CHEMBL102922,15.0,Ki,=,Cc1cc(C)[n+](CC(=O)Nc2ccc(S(=O)(=O)Nc3cccc(S(N)(=O)=O)c3)cc2)c(C)c1.[O-][Cl+3]([O-])([O-])[O-],38
CHEMBL77517,15.0,IC50,=,NS(=O)(=O)c1ccc(S(=O)(=O)Nc2cccc3c(Cl)c[nH]c23)cc1,24
CHEMBL98673,15.0,Ki,=,CC(C)c1cc(-c2ccccc2)cc(C(C)C)[n+]1CC(=O)Nc1ccc(S(=O)(=O)Nc2cccc(S(N)(=O)=O)c2)cc1.[O-][Cl+3]([O-])([O-])[O-],47
CHEMBL100748,15.0,Ki,=,CCc1cc(-c2ccccc2)cc(CC)[n+]1CC(=O)Nc1nccc(Nc2ccc(S(N)(=O)=O)cc2)n1.[O-][Cl+3]([O-])([O-])[O-],42
CHEMBL336455,15.0,Ki,=,NS(=O)(=O)c1ccc(CNS(=O)(=O)c2c(F)c(F)c(F)c(F)c2F)cc1,26
CHEMBL167048,15.0,Ki,=,NS(=O)(=O)Nc1ccc(Cl)cc1,12
CHEMBL2111556,15.0,Ki,=,NS(=O)(=O)c1ccc(N[C@@H]2OC[C@@H](O)[C@H](O)[C@@H]2O)cc1,20
CHEMBL343590,15.0,Ki,=,NS(=O)(=O)c1cc(S(N)(=O)=O)c(NS(=O)(=O)c2c(F)c(F)c(F)c(F)c2F)c(Cl)c1Cl,31
CHEMBL357388,15.0,Ki,=,NS(=O)(=O)c1ccc(N/C(S)=N/C(CC(=O)O)C(=O)NC(CC(=O)O)C(=O)O)cc1,30
CHEMBL327742,15.0,Ki,=,CC(C)c1cc(-c2ccccc2)cc(C(C)C)[n+]1CC(=O)Nc1c(S(N)(=O)=O)cc(S(N)(=O)=O)c(Cl)c1Cl.[O-][Cl+3]([O-])([O-])[O-],43
CHEMBL83629,15.0,IC50,=,CN(C)CCSCc1ccc2sc(S(N)(=O)=O)cc2c1,20
CHEMBL71000,15.0,Ki,=,NS(=O)(=O)c1ccc(S(=O)(=O)Nc2cccc3[nH]cc(Cl)c23)cc1,24
CHEMBL167368,15.0,IC50,=,Cc1c(CCC2CCCCC2)c(=O)oc2cc(OS(N)(=O)=O)ccc12,25
CHEMBL99694,15.0,Ki,=,CC(C)c1cc(-c2ccccc2)cc(C(C)C)[n+]1CC(=O)Nc1ccc(S(=O)(=O)Nc2ccc(S(N)(=O)=O)cc2)cc1.[O-][Cl+3]([O-])([O-])[O-],47
CHEMBL306118,15.0,Ki,=,NS(=O)(=O)c1ccc(CNS(=O)(=O)c2ccc(NC(=O)c3c(F)c(F)cc(F)c3F)cc2)cc1,34
CHEMBL288606,15.0,IC50,=,CCCC/C(=N\O)c1csc(S(N)(=O)=O)c1,16
CHEMBL99697,15.0,Ki,=,CCc1cc(-c2ccccc2)cc(CC)[n+]1CC(=O)Nc1ccc(S(N)(=O)=O)cc1Cl.[O-][Cl+3]([O-])([O-])[O-],36
CHEMBL96361,15.0,Ki,=,NS(=O)(=O)c1ccc(NC(=O)c2c(F)c(F)c(F)c(F)c2F)c(F)c1,25
CHEMBL436573,15.0,Ki,=,NS(=O)(=O)c1ccc(CCNS(=O)(=O)c2c(F)c(F)c(F)c(F)c2F)cc1,27
CHEMBL344757,15.0,Ki,=,N=C(N)NCCCC(/N=C(\S)Nc1ccc(S(N)(=O)=O)cc1)C(=O)O,25
CHEMBL284398,15.0,Ki,=,NS(=O)(=O)c1ccc(NC(=O)CN(CCN(CCN(CC(=O)O)CC(=O)Nc2ccc(S(N)(=O)=O)cc2Cl)CC(=O)O)CC(=O)O)c(Cl)c1,49
CHEMBL420961,15.0,IC50,=,NS(=O)(=O)c1nc2ccc(OC(=O)/C=C/c3ccccc3)cc2s1,24
CHEMBL557231,15.0,IC50,=,Cl.NS(=O)(=O)c1cc(S(=O)(=O)c2ccccc2CNCc2ccccn2)cs1,28
CHEMBL162168,15.0,IC50,=,COc1ccc2cc(S(N)(=O)=O)oc2c1,15
CHEMBL3786873,15.35,IC50,=,CN(C)S(=O)(=O)NC1CCc2c(O)cccc2C1,18
CHEMBL4463022,15.97,IC50,=,CC(C)[C@@H]1CC[C@@H](C)C[C@H]1OS(=O)(=O)NC(c1ccccc1)c1ccccc1,28
CHEMBL166340,16.0,Ki,=,N#Cc1ccc(NS(N)(=O)=O)cc1,13
CHEMBL317328,16.0,Ki,=,CC(C)c1cc(-c2ccccc2)cc(C(C)C)[n+]1CC(=O)Nc1nccc(Nc2ccc(S(N)(=O)=O)cc2)n1.[O-][Cl+3]([O-])([O-])[O-],44
CHEMBL32982,16.0,Ki,=,NS(=O)(=O)c1ccc(NC(=O)CN(CCN(CCN(CC(=O)O)CC(=O)O)CC(=O)O)CC(=O)O)c(I)c1,38
CHEMBL318101,16.0,Ki,=,Cc1cc(C)[n+](CC(=O)Nc2ccc(S(=O)(=O)Nc3ccc(S(N)(=O)=O)cc3)cc2)c(C)c1.[O-][Cl+3]([O-])([O-])[O-],38
CHEMBL287738,16.0,IC50,=,CC(=O)c1csc(S(N)(=O)=O)c1,12
CHEMBL50776,16.0,Ki,=,NS(=O)(=O)c1ccc(C(=O)NCCC(=O)N[C@@H](Cc2c[nH]cn2)C(=O)O)cc1,28
CHEMBL165362,16.0,IC50,=,COc1ccc2[nH]c(S(N)(=O)=O)cc2c1,15
CHEMBL2112275,16.0,Ki,=,NS(=O)(=O)c1ccc(NC(=O)CN(CCN(CCN(CC(=O)O)CC(=O)Nc2ccc(S(N)(=O)=O)cc2)CC(=O)[O-])CC(=O)[O-])cc1.[Zn+2],48
CHEMBL76563,16.0,Ki,=,NS(=O)(=O)c1ccc(NC(=O)c2c(F)c(F)cc(F)c2F)cc1,23
CHEMBL145256,16.0,Ki,=,NS(=O)(=O)c1ccc(N/C(S)=N\c2ccc(C(=O)O)cc2)cc1,23
CHEMBL545527,16.0,IC50,=,CCN(CC)Cc1ccc(S(=O)(=O)c2csc(S(N)(=O)=O)c2)cc1O.Cl,26
CHEMBL141562,16.0,Ki,=,NS(=O)(=O)c1ccc(NNS(=O)(=O)c2c(F)c(F)c(F)c(F)c2F)cc1,26
CHEMBL100760,16.0,Ki,=,CCc1cc(-c2ccccc2)cc(CC)[n+]1CC(=O)Nc1ccc(S(N)(=O)=O)cc1F.[O-][Cl+3]([O-])([O-])[O-],36
CHEMBL140391,16.0,Ki,=,NS(=O)(=O)c1cccc(NS(=O)(=O)c2ccc(NC(=O)C(F)(F)C(F)(F)C(F)(F)C(F)(F)C(F)(F)C(F)(F)C(F)(F)C(F)(F)F)cc2)c1,48
CHEMBL1089637,16.0,Ki,=,NS(=O)(=O)c1ccc(N[C@@H]2OC[C@@H](O)[C@@H](O)[C@@H]2O)cc1,20
CHEMBL1096823,16.5,IC50,=,CCNC(=O)c1cc(S(N)(=O)=O)ccc1SC1CCCC1,21
CHEMBL318014,17.0,Ki,=,CC(C)c1cc(-c2ccccc2)cc(C(C)C)[n+]1CC(=O)Nc1ccc(S(N)(=O)=O)cc1Cl.[O-][Cl+3]([O-])([O-])[O-],38
CHEMBL138530,17.0,Ki,=,NS(=O)(=O)c1ccc(NC(=O)c2c(F)c(F)c(F)c(F)c2F)cc1,24
CHEMBL142541,17.0,Ki,=,NS(=O)(=O)c1ccc(CCNC(=O)c2c(F)c(F)c(F)c(F)c2F)cc1,26
CHEMBL280417,17.0,Ki,=,NS(=O)(=O)c1ccc(NC(=O)CCCCC(F)(F)C(F)(F)F)cc1,24
CHEMBL280338,17.0,Ki,=,Cn1nc(S(N)(=O)=O)s/c1=N/C(=O)c1ccccc1,19
CHEMBL286738,17.0,IC50,=,NS(=O)(=O)Oc1ccc2c3c(c(=O)oc2c1)CCCCC3,21
CHEMBL166446,17.0,Ki,=,NS(=O)(=O)Nc1ccc(I)cc1,12
CHEMBL316957,17.0,Ki,=,CC(C)c1cc(-c2ccccc2)cc(C(C)C)[n+]1CC(=O)Nc1cc(C(F)(F)F)c(S(N)(=O)=O)cc1S(N)(=O)=O.[O-][Cl+3]([O-])([O-])[O-],45
CHEMBL3786651,17.42,IC50,=,COc1cccc2c1CC[C@H](NC(=O)N(C)C)C2,18
CHEMBL104630,18.0,IC50,=,CC(C)CNCCCS(=O)(=O)c1ccc(S(N)(=O)=O)s1,20
CHEMBL102068,18.0,Ki,=,CC(C)c1cc(-c2ccccc2)cc(C(C)C)[n+]1CC(=O)Nc1ccc(S(N)(=O)=O)cc1F.[O-][Cl+3]([O-])([O-])[O-],38
CHEMBL344316,18.0,Ki,=,NS(=O)(=O)c1ccc(N/C(S)=N\c2cccc(C(=O)O)c2)cc1,23
CHEMBL317249,18.0,Ki,=,CC(C)c1cc(-c2ccccc2)cc(C(C)C)[n+]1CC(=O)Nc1cc(Cl)c(S(N)(=O)=O)cc1S(N)(=O)=O.[O-][Cl+3]([O-])([O-])[O-],42
CHEMBL555588,18.0,IC50,=,CC(C)CNCc1ccccc1S(=O)(=O)c1csc(S(N)(=O)=O)c1.Cl,25
CHEMBL83820,18.0,Ki,=,NS(=O)(=O)c1cc2c(s1)[S+]([O-])CC(=O)N2,15
CHEMBL2111554,18.0,Ki,=,NS(=O)(=O)c1ccc(N[C@@H]2O[C@@H](CO)[C@@H](O)[C@H](O)[C@H]2O)cc1,22
CHEMBL330413,18.0,Ki,=,Cc1cc(C)[n+](CC(=O)Nc2c(S(N)(=O)=O)cc(S(N)(=O)=O)c(Cl)c2Cl)c(C)c1.[O-][Cl+3]([O-])([O-])[O-],34
CHEMBL540554,18.0,IC50,=,CC(C)(C)NCC(O)COc1ccc2cc(S(N)(=O)=O)sc2c1.Cl,24
CHEMBL434860,18.0,Ki,=,NS(=O)(=O)c1cc(S(N)(=O)=O)c(NCc2cc(=O)oc3cc(Cl)ccc23)c(Cl)c1Cl,30
CHEMBL140007,18.0,Ki,=,NS(=O)(=O)c1ccc(NS(=O)(=O)c2ccc(NC(=O)c3c(F)c(F)c(F)c(F)c3F)cc2)cc1,34
CHEMBL155420,18.2,Ki,=,NS(=O)(=O)c1cc2c(s1)CC(O)CS2(=O)=O,16
CHEMBL1095531,18.4,IC50,=,NS(=O)(=O)c1ccc(Sc2c(F)c(F)cc(F)c2F)c(C(=O)NCCc2ccccn2)c1,32
CHEMBL554264,19.0,Ki,=,Cc1cc(C)[n+](CC(=O)Nc2ccc(S(N)(=O)=O)cc2F)c(C)c1.[O-][Cl+3]([O-])([O-])[O-],29
CHEMBL166708,19.0,Ki,=,CCOC(=O)c1ccc(NS(N)(=O)=O)cc1,16
CHEMBL336249,19.0,Ki,=,NS(=O)(=O)c1cccc(NC(=O)c2c(F)c(F)c(F)c(F)c2F)c1,24
CHEMBL6753,19.0,Ki,=,Cn1nc(S(N)(=O)=O)sc1=N,11
CHEMBL77359,19.0,Ki,=,NS(=O)(=O)c1ccc(NS(=O)(=O)c2ccc(NC(=O)c3c(F)c(F)cc(F)c3F)cc2)cc1,33
CHEMBL321281,19.0,Ki,=,Cc1cc(C)[n+](CC(=O)Nc2cc(Cl)c(S(N)(=O)=O)cc2S(N)(=O)=O)c(C)c1.[O-][Cl+3]([O-])([O-])[O-],33
CHEMBL286449,19.0,Ki,=,NS(=O)(=O)c1ccc(CNC(=O)CN(CCN(CCN(CC(=O)O)CC(=O)NCc2ccc(S(N)(=O)=O)cc2)CC(=O)O)CC(=O)O)cc1,49
CHEMBL327964,19.0,Ki,=,Cc1cc(C)[n+](CC(=O)Nc2cc(C(F)(F)F)c(S(N)(=O)=O)cc2S(N)(=O)=O)c(C)c1.[O-][Cl+3]([O-])([O-])[O-],36
CHEMBL411850,19.0,Ki,=,Cc1cc(C)[n+](CC(=O)Nc2nccc(Nc3ccc(S(N)(=O)=O)cc3)n2)c(C)c1.[O-][Cl+3]([O-])([O-])[O-],35
CHEMBL1098349,19.9,IC50,=,CCNC(=O)c1cc(S(N)(=O)=O)cnc1Sc1cccc(F)c1,23
CHEMBL104311,20.0,IC50,=,NS(=O)(=O)c1ccc(SCCCO)cc1,15
CHEMBL3137786,20.0,Ki,=,C[C@H](CCC(=O)Nc1c(S(N)(=O)=O)cc(S(N)(=O)=O)c(Cl)c1Cl)[C@H]1CC[C@H]2[C@@H]3CC[C@@H]4C[C@H](O)CC[C@]4(C)[C@H]3C[C@H](O)[C@]12C,44
CHEMBL335337,20.0,Ki,=,NS(=O)(=O)c1ccc(Nc2ccnc(NS(=O)(=O)C(F)(F)C(F)(F)C(F)(F)C(F)(F)F)n2)cc1,34
CHEMBL344941,20.0,Ki,=,NS(=O)(=O)c1ccc(CNC(=O)c2c(F)c(F)c(F)c(F)c2F)cc1,25
CHEMBL321889,20.0,IC50,=,CC(C)(O)CCSc1ccc(S(N)(=O)=O)cc1,17
CHEMBL32160,20.0,Ki,=,NS(=O)(=O)c1ccc(NC(=O)CN(CCN(CCN(CC(=O)O)CC(=O)O)CC(=O)O)CC(=O)O)c(Cl)c1,38
CHEMBL169789,20.0,Ki,=,Cc1cc(C(C)C)[n+](CCc2ccc(S(N)(=O)=O)cc2)c(C(C)C)c1.[O-][Cl+3]([O-])([O-])[O-],30
CHEMBL139539,20.0,Ki,=,NS(=O)(=O)c1cccc(NS(=O)(=O)c2ccc(NS(=O)(=O)C(F)(F)C(F)(F)C(F)(F)C(F)(F)F)cc2)c1,37
CHEMBL503194,20.0,IC50,=,NS(=O)(=O)c1nnc(NC(=O)c2nn(-c3cccc(/N=N/C(C(=O)c4ccccc4)C(=O)c4ccccc4)c3)c(-c3ccccc3)c2C(=O)c2ccccc2)s1,56
CHEMBL1086703,20.0,IC50,=,CCNC(=O)c1cc(S(N)(=O)=O)cnc1Sc1ccccc1,22
CHEMBL105688,20.0,IC50,=,NS(=O)(=O)c1ccc(CCCO)c(F)c1,15
CHEMBL321553,20.0,IC50,=,COC(=O)c1cc(S(N)(=O)=O)ccc1S(=O)(=O)CCCO,21
CHEMBL169188,20.0,Ki,=,Cc1cc(-c2ccccc2)cc(C)[n+]1Cc1ccc(S(N)(=O)=O)cc1.[O-][Cl+3]([O-])([O-])[O-],30
CHEMBL141410,20.0,Ki,=,NS(=O)(=O)c1ccc(Nc2ccnc(NS(=O)(=O)C(F)(F)C(F)(F)C(F)(F)C(F)(F)C(F)(F)C(F)(F)C(F)(F)C(F)(F)F)n2)cc1,46
CHEMBL356322,20.0,Ki,=,NS(=O)(=O)c1ccc(N/C(S)=N\CC(=O)O)cc1,18
CHEMBL1096821,20.2,IC50,=,COCCNC(=O)c1cc(S(N)(=O)=O)ccc1SCCc1ccccc1,26
CHEMBL4456875,20.75,IC50,=,COc1ccccc1C(=O)NC(=S)Nc1cccc(S(N)(=O)=O)c1,24
CHEMBL118,21.0,IC50,=,Cc1ccc(-c2cc(C(F)(F)F)nn2-c2ccc(S(N)(=O)=O)cc2)cc1,26
CHEMBL76956,21.0,Ki,=,NS(=O)(=O)c1cccc(NC(=O)c2c(F)c(F)cc(F)c2F)c1,23
CHEMBL141363,21.0,Ki,=,NS(=O)(=O)c1cccc(NS(=O)(=O)c2ccc(NS(=O)(=O)C(F)(F)C(F)(F)C(F)(F)C(F)(F)C(F)(F)C(F)(F)C(F)(F)C(F)(F)F)cc2)c1,49
CHEMBL352535,21.0,Ki,=,Cc1cc(C)[n+](CCc2ccc(S(N)(=O)=O)cc2)c(C)c1.[O-][Cl+3]([O-])([O-])[O-],26
CHEMBL420096,21.0,Ki,=,Cc1cc(-c2ccccc2)cc(C)[n+]1CC(=O)Nc1ccc(S(N)(=O)=O)cc1I.[O-][Cl+3]([O-])([O-])[O-],34
CHEMBL3138151,21.0,Ki,=,C[C@H](CCC(=O)Nc1c(S(N)(=O)=O)cc(S(N)(=O)=O)c(Cl)c1Cl)[C@H]1CC[C@H]2[C@@H]3[C@H](O)C[C@@H]4C[C@H](O)CC[C@]4(C)[C@H]3C[C@H](O)[C@]12C,45
CHEMBL51719,21.0,Ki,=,NS(=O)(=O)c1ccc(C(=O)N[C@H](C(=O)O)C(O)c2ccccc2)cc1,25
CHEMBL3137768,21.0,Ki,=,C[C@H](CCC(=O)Nc1c(S(N)(=O)=O)cc(S(N)(=O)=O)c(Cl)c1Cl)[C@H]1CC[C@H]2[C@@H]3[C@H](O)C[C@@H]4C[C@H](O)CC[C@]4(C)[C@H]3CC[C@]12C,44
CHEMBL169684,21.0,Ki,=,CCc1cc(-c2ccccc2)cc(CC)[n+]1Cc1ccc(S(N)(=O)=O)cc1.[O-][Cl+3]([O-])([O-])[O-],32
CHEMBL105730,21.0,IC50,=,NS(=O)(=O)c1ccc(SCCO)c([N+](=O)[O-])c1,17
CHEMBL366775,21.0,Ki,=,CC(C)c1cc(-c2ccccc2)cc(C(C)C)[n+]1CCc1ccc(S(N)(=O)=O)cc1.[O-][Cl+3]([O-])([O-])[O-],35
CHEMBL344055,21.0,Ki,=,NS(=O)(=O)c1ccc(NS(=O)(=O)c2ccc(NS(=O)(=O)C(F)(F)F)cc2)cc1,28
CHEMBL354323,21.0,Ki,=,CN(C)c1ccc(NS(N)(=O)=O)cc1,14
CHEMBL166686,21.0,Ki,=,NS(=O)(=O)Nc1ccc(Br)cc1,12
CHEMBL102656,21.0,Ki,=,Cc1cc(C)[n+](CC(=O)Nc2ccc(S(N)(=O)=O)cc2Cl)c(C)c1.[O-][Cl+3]([O-])([O-])[O-],29
CHEMBL103361,21.0,Ki,=,CCc1cc(-c2ccccc2)cc(CC)[n+]1CC(=O)Nc1ccc(S(N)(=O)=O)cc1Br.[O-][Cl+3]([O-])([O-])[O-],36
CHEMBL1098204,21.3,IC50,=,CCNC(=O)c1cc(S(N)(=O)=O)ccc1Sc1ccccc1,22
CHEMBL1096822,21.5,IC50,=,CC(C)CNC(=O)c1cc(S(N)(=O)=O)ccc1SC(C)C,21
CHEMBL354238,22.0,IC50,=,NS(=O)(=O)c1cc2cc(O)ccc2[nH]1,14
CHEMBL3098847,22.0,IC50,=,NS(=O)(=O)Oc1ccc2c(c1)OC(=O)C1CCCCCC21,21
CHEMBL554012,22.0,IC50,=,CC(C)NCc1cccc(S(=O)(=O)c2csc(S(N)(=O)=O)c2)c1.Cl,24
CHEMBL510182,22.0,IC50,=,NS(=O)(=O)c1nnc(NC(=O)c2nn(-c3cccc(/N=N/c4ccc(O)cc4)c3)c(-c3ccccc3)c2C(=O)c2ccccc2)s1,46
CHEMBL141757,22.0,Ki,=,NS(=O)(=O)c1ccc(Nc2ccnc(NC(=O)C(F)(F)C(F)(F)C(F)(F)C(F)(F)C(F)(F)C(F)(F)C(F)(F)C(F)(F)F)n2)cc1,45
CHEMBL421106,22.0,IC50,=,CCCCCCCCS(=O)(=O)CS(N)(=O)=O,16
CHEMBL3290513,22.86,IC50,=,NS(=O)(=O)c1ccc(NC(=S)NC(=O)c2ccccc2Cl)cc1,23
CHEMBL105691,23.0,IC50,=,Nc1cc(S(N)(=O)=O)ccc1S(=O)(=O)CCCO,18
CHEMBL2112277,23.0,Ki,=,NS(=O)(=O)c1ccc(N[C@@H]2O[C@@H](CO)[C@@H](O)[C@H](O)[C@@H]2O)cc1,22
CHEMBL87740,23.0,IC50,=,COc1ccc2sc(S(N)(=O)=O)cc2c1,15
CHEMBL337136,23.0,Ki,=,NS(=O)(=O)c1ccc(NNC(=O)c2c(F)c(F)c(F)c(F)c2F)cc1,25
CHEMBL342485,23.0,Ki,=,NS(=O)(=O)c1cccc(NS(=O)(=O)c2ccc(NS(=O)(=O)C(F)(F)F)cc2)c1,28
CHEMBL2408077,23.0,IC50,=,Cc1cc(C)nc(NS(=O)(=O)c2ccc(/N=C/c3c(Cl)c4ccccc4oc3=O)cc2)n1,32
CHEMBL108015,23.0,IC50,=,NS(=O)(=O)c1ccc(SCCCO)c([N+](=O)[O-])c1,18
CHEMBL559014,23.0,IC50,=,CN1CCN(Cc2ccccc2S(=O)(=O)c2csc(S(N)(=O)=O)c2)CC1.Cl,27
CHEMBL286297,23.0,Ki,=,NS(=O)(=O)c1ccc(CNC(=O)CN(CCN(CCN(CC(=O)O)CC(=O)O)CC(=O)O)CC(=O)O)cc1,38
CHEMBL1098839,23.2,IC50,=,NS(=O)(=O)c1cnc(Sc2c(F)c(F)cc(F)c2F)c(C(=O)NCc2ccccn2)c1,31
CHEMBL355167,24.0,Ki,=,CC1(C)O[C@@H]2[C@@H](CO[C@@]3(COC(=O)NS(N)(=O)=O)OC(C)(C)O[C@@H]23)O1,25
CHEMBL140452,24.0,Ki,=,NS(=O)(=O)c1ccccc1NS(=O)(=O)c1c(F)c(F)c(F)c(F)c1F,25
CHEMBL140941,24.0,Ki,=,Cn1nc(S(N)(=O)=O)sc1=NS(=O)(=O)C(F)(F)F,18
CHEMBL104459,24.0,IC50,=,NS(=O)(=O)c1ccc(S(=O)(=O)CCO)cc1,16
CHEMBL4792992,24.0,IC50,=,CN(C)CCCN1CCN(C(=S)SCC(=O)Nc2ccc(S(N)(=O)=O)cc2)CC1,29
CHEMBL419536,25.0,Ki,=,CCc1cc(-c2ccccc2)cc(CC)[n+]1CC(=O)Nc1ccc(S(N)(=O)=O)cc1I.[O-][Cl+3]([O-])([O-])[O-],36
CHEMBL139649,25.0,Ki,=,NS(=O)(=O)c1ccc(Nc2ccnc(NS(=O)(=O)C(F)(F)F)n2)cc1,25
CHEMBL2114130,25.0,Ki,=,NS(=O)(=O)c1ccc(N[C@@H]2O[C@@H](CO)[C@H](O)[C@H](O)[C@@H]2O)cc1,22
CHEMBL69347,25.0,Ki,=,CC(=O)Nc1ccc(S(N)(=O)=O)cc1Br,15
CHEMBL79608,25.0,IC50,=,CC(C)(C)C(=O)Oc1ccc2nc(S(N)(=O)=O)sc2c1N,21
CHEMBL4103517,25.0,IC50,=,COc1ccc(/C=C/C(=O)N[C@@H]2[C@@H](O)[C@H](O)[C@@H](CO)O[C@H]2NC(=S)Nc2ccc(S(N)(=O)=O)cc2)c(OC)c1,39
CHEMBL144537,25.0,Ki,=,NS(=O)(=O)c1ccc(NC(=S)N2CCCC2C(=O)O)cc1,21
CHEMBL319238,25.0,IC50,=,CC(C)(O)CCS(=O)(=O)c1ccc(S(N)(=O)=O)cc1,19
CHEMBL355157,25.0,IC50,=,Nc1ccc2cc(S(N)(=O)=O)oc2c1,14
CHEMBL163094,25.0,IC50,=,NS(=O)(=O)c1cc2cc3c(cc2[nH]1)OCO3,16
CHEMBL1370332,25.58,IC50,=,COc1ccc(C(=O)NC(=S)Nc2ccc(S(N)(=O)=O)cc2)cc1,24
CHEMBL1095204,25.8,IC50,=,COCCCNC(=O)c1cc(S(N)(=O)=O)cnc1Sc1cccc(F)c1,26
CHEMBL324906,26.0,Ki,=,CCCC(CCC)C(=O)Nc1c(S(N)(=O)=O)cc(S(N)(=O)=O)c(Cl)c1Cl,26
CHEMBL2408078,26.0,IC50,=,Cc1cc(NS(=O)(=O)c2ccc(/N=C/c3c(Cl)c4ccccc4oc3=O)cc2)no1,30
CHEMBL544826,26.0,IC50,=,CCC(C)NCc1cccc(S(=O)(=O)c2csc(S(N)(=O)=O)c2)c1.Cl,25
CHEMBL53607,26.0,Ki,=,NS(=O)(=O)c1ccc(CCNC(=O)c2ccc(Cl)c(S(N)(=O)=O)c2)cc1,26
CHEMBL1094898,26.6,IC50,=,NS(=O)(=O)c1cnc(Sc2ccccc2)c(C(=O)NCCc2ccccc2)c1,28
CHEMBL1099125,26.7,IC50,=,CCCNC(=O)c1cc(S(N)(=O)=O)cnc1Sc1ccccc1,23
CHEMBL2336906,26.8,IC50,=,Cc1cc(-c2nnc(Nc3ccc(S(N)(=O)=O)cc3)c3ccccc23)ccc1S(N)(=O)=O,32
CHEMBL140696,27.0,Ki,=,NS(=O)(=O)c1ccc(Nc2ccnc(NC(=O)c3c(F)c(F)c(F)c(F)c3F)n2)cc1,31
CHEMBL444608,27.0,Ki,=,NS(=O)(=O)NCCSSCCNS(N)(=O)=O,16
CHEMBL2392426,27.16,IC50,=,Cc1ccc(N2NC(=O)/C(=C/c3cccn3-c3ccc(S(N)(=O)=O)cc3)C2=O)cc1,30
CHEMBL158026,28.0,Ki,=,NS(=O)(=O)c1cc2c(s1)SCCC2O,14
CHEMBL269628,28.0,Ki,=,Nc1c(S(N)(=O)=O)cc(S(N)(=O)=O)c(Cl)c1Cl,17
CHEMBL50365,28.0,Ki,=,NS(=O)(=O)c1ccc(CNC(=O)c2ccc(Cl)c(S(N)(=O)=O)c2)cc1,25
CHEMBL23681,28.0,Ki,=,NS(=O)(=O)c1ccc(CCNS(=O)(=O)c2ccccc2)cc1,22
CHEMBL539558,29.0,IC50,=,CCCCNCc1ccc(S(=O)(=O)c2csc(S(N)(=O)=O)c2)cc1.Cl,25
CHEMBL69813,29.0,Ki,=,Nc1c(F)cc(S(N)(=O)=O)cc1I,13
CHEMBL4476621,29.0,IC50,=,O=C(NNC(=S)Nc1ccc(Cl)c(Cl)c1)c1ccccc1O,22
CHEMBL304322,29.0,Ki,=,CC(=O)Nc1ccc(S(N)(=O)=O)cc1F,15
CHEMBL276679,29.5,IC50,=,CCN[C@@H]1C[C@H](C)S(=O)(=O)c2sc(S(N)(=O)=O)cc21,19
CHEMBL104961,30.0,IC50,=,COC(=O)c1cc(S(N)(=O)=O)ccc1S(=O)(=O)CCO,20
CHEMBL318951,30.0,IC50,=,NS(=O)(=O)c1ccc(SCCO)s1,13
CHEMBL84169,30.0,IC50,=,NS(=O)(=O)c1nc2ccc(OC(=O)Cc3ccccc3)cc2s1,23
CHEMBL328410,30.0,Ki,=,Cc1cc(-c2ccccc2)cc(C)[n+]1CC(=O)NCCc1ccc(S(N)(=O)=O)cc1.[O-][Cl+3]([O-])([O-])[O-],35
CHEMBL7146,30.0,Ki,=,Nc1ccc(S(=O)(=O)NCCc2ccc(S(N)(=O)=O)cc2)cc1,23
CHEMBL351044,30.0,Ki,=,NS(=O)(=O)c1ccc(NCc2cc(=O)oc3cc(Cl)ccc23)c(F)c1,25
CHEMBL350086,30.0,IC50,=,NS(=O)(=O)c1cc2ccc(O)cc2[nH]1,14
CHEMBL295343,30.0,Ki,=,NS(=O)(=O)c1ccc(NC(=O)c2ccc(Cl)c(S(N)(=O)=O)c2)cc1,24
CHEMBL171031,30.0,Ki,=,Cc1cc(C)[n+](Cc2ccc(S(N)(=O)=O)cc2)c(C)c1C.[O-][Cl+3]([O-])([O-])[O-],26
CHEMBL347369,30.5,Ki,=,NS(=O)(=O)c1cc2c(s1)C(O)CCS2(=O)=O,16
CHEMBL3415379,31.0,IC50,=,CCN[C@H]1C[C@H](CCCO[N+](=O)[O-])S(=O)(=O)c2sc(S(N)(=O)=O)cc21,25
CHEMBL103194,31.0,Ki,=,Cc1cc(-c2ccccc2)cc(C)[n+]1CC(=O)NCc1ccc(S(N)(=O)=O)cc1.[O-][Cl+3]([O-])([O-])[O-],34
CHEMBL3415383,31.0,IC50,=,CCN[C@H]1CN(CCCO[N+](=O)[O-])S(=O)(=O)c2sc(S(N)(=O)=O)cc21,25
CHEMBL3137791,32.0,Ki,=,C[C@H](CCC(=O)Nc1ccc(S(N)(=O)=O)cc1I)[C@H]1CC[C@H]2[C@@H]3CC[C@@H]4C[C@H](O)CC[C@]4(C)[C@H]3CC[C@]12C,38
CHEMBL164189,32.0,IC50,=,CC(=O)Oc1ccc2cc(S(N)(=O)=O)[nH]c2c1,17
CHEMBL79472,32.0,IC50,=,CC(C)(C)C(=O)Nc1c(OC(=O)C(C)(C)C)ccc2nc(S(N)(=O)=O)sc12,27
CHEMBL102316,32.0,Ki,=,CCc1cc(-c2ccccc2)cc(CC)[n+]1CC(=O)NCCc1ccc(S(N)(=O)=O)cc1.[O-][Cl+3]([O-])([O-])[O-],37
CHEMBL70873,32.0,Ki,=,Nc1c(F)cc(S(N)(=O)=O)cc1Cl,13
CHEMBL344888,32.0,Ki,=,NS(=O)(=O)c1cc(S(N)(=O)=O)c(NS(=O)(=O)C(F)(F)C(F)(F)C(F)(F)C(F)(F)C(F)(F)C(F)(F)C(F)(F)C(F)(F)F)cc1Cl,44
CHEMBL169486,32.0,Ki,=,NS(=O)(=O)Nc1c(F)c(F)c(F)c(F)c1F,16
CHEMBL347252,33.0,Ki,=,NS(=O)(=O)c1ccc(NCc2cc(=O)oc3cc(Cl)ccc23)c(Br)c1,25
CHEMBL4786423,33.0,IC50,=,CN(C)CCN1CCN(C(=S)SCC(=O)Nc2ccc(S(N)(=O)=O)cc2)CC1,28
CHEMBL303648,33.0,Ki,=,Nc1c(F)cc(S(N)(=O)=O)cc1Br,13
CHEMBL266026,33.0,Ki,=,Nc1ccc(S(=O)(=O)NCc2ccc(S(N)(=O)=O)cc2)cc1,22
CHEMBL2408074,33.0,IC50,=,NS(=O)(=O)c1ccc(/N=C/c2c(Cl)c3ccccc3oc2=O)cc1,24
CHEMBL148426,33.0,Ki,=,NS(=O)(=O)c1ccc(N/C(S)=N\CCc2c[nH]cn2)cc1,21
CHEMBL2392428,33.13,IC50,=,CC1=NN(c2ccc(S(N)(=O)=O)cc2)C(=O)/C1=C\C=C\c1ccccc1,26
CHEMBL2392429,33.92,IC50,=,NS(=O)(=O)c1ccc(NC(=O)c2cccc(N3C(=O)CCC3=O)c2)cc1,26
CHEMBL100757,34.0,Ki,=,Cc1cc(-c2ccccc2)cc(C)[n+]1CC(=O)OCCc1ccc(S(N)(=O)=O)cc1.[O-][Cl+3]([O-])([O-])[O-],35
CHEMBL4075252,34.0,IC50,=,COc1cccc(/C=C/C(=O)N[C@@H]2[C@@H](O)[C@H](O)[C@@H](CO)O[C@H]2NC(=S)Nc2ccc(S(N)(=O)=O)cc2)c1OC,39
CHEMBL3137767,34.0,Ki,=,C[C@H](CCC(=O)Nc1ccc(S(N)(=O)=O)cc1Br)[C@H]1CC[C@H]2[C@@H]3[C@H](O)C[C@@H]4C[C@H](O)CC[C@]4(C)[C@H]3CC[C@]12C,39
CHEMBL35385,34.0,Ki,=,NS(=O)(=O)c1ccc(CCOC(=O)CN(CCN(CCN(CC(=O)O)CC(=O)OCCc2ccc(S(N)(=O)=O)cc2)CC(=O)O)CC(=O)O)cc1,51
CHEMBL1086834,34.6,IC50,=,COCCCNC(=O)c1cc(S(N)(=O)=O)cnc1Sc1ccc(F)c(F)c1,27
CHEMBL140880,35.0,Ki,=,NS(=O)(=O)c1ccccc1NC(=O)c1c(F)c(F)c(F)c(F)c1F,24
CHEMBL140692,35.0,Ki,=,NS(=O)(=O)c1ccc(CCOS(=O)(=O)c2c(F)c(F)c(F)c(F)c2F)cc1,27
CHEMBL323550,35.0,Ki,=,CC(C)c1cc(-c2ccccc2)cc(C(C)C)[n+]1CC(=O)NCCc1ccc(S(N)(=O)=O)cc1.[O-][Cl+3]([O-])([O-])[O-],39
CHEMBL343047,35.0,Ki,=,NS(=O)(=O)c1cc(S(N)(=O)=O)c(NC(=O)C(F)(F)C(F)(F)C(F)(F)C(F)(F)C(F)(F)C(F)(F)C(F)(F)C(F)(F)F)cc1Cl,43
CHEMBL1098205,35.9,IC50,=,NS(=O)(=O)c1ccc(Oc2ccccc2)c(C(=O)NCc2ccccc2)c1,27
CHEMBL111360,36.0,Ki,=,CCCC(CCC)C(=O)Nc1ccc(S(N)(=O)=O)cc1Br,21
CHEMBL541597,36.0,IC50,=,CC(C)(C)NCc1ccc(S(=O)(=O)c2csc(S(N)(=O)=O)c2)cc1.Cl,25
CHEMBL103407,36.0,Ki,=,Cc1cc(C)[n+](CC(=O)NCCc2ccc(S(N)(=O)=O)cc2)c(C)c1.[O-][Cl+3]([O-])([O-])[O-],30
CHEMBL417656,36.0,IC50,=,CC1(C)O[C@H]2[C@@H]3OS(=O)(=O)O[C@@H]3CO[C@@]2(COS(N)(=O)=O)O1,22
CHEMBL49182,36.0,Ki,=,NS(=O)(=O)c1ccc(C(=O)NC(C(=O)O)c2ccccc2)cc1,23
CHEMBL348978,36.0,Ki,=,NS(=O)(=O)c1ccc(NCc2cc(=O)oc3cc(Cl)ccc23)c(I)c1,25
CHEMBL168910,36.0,Ki,=,NS(=O)(=O)Nc1ccc2ccccc2c1,15
CHEMBL329756,36.0,Ki,=,CC(C)c1cc(-c2ccccc2)cc(C(C)C)[n+]1CC(=O)Nc1ccc(S(N)(=O)=O)cc1Br.[O-][Cl+3]([O-])([O-])[O-],38
CHEMBL300020,36.0,Ki,=,NS(=O)(=O)c1cc(C(=O)NCCC(=O)N[C@@H](Cc2c[nH]cn2)C(=O)O)ccc1Cl,29
CHEMBL139940,36.0,Ki,=,NS(=O)(=O)c1cccc(NS(=O)(=O)c2ccc(NC(=O)c3c(F)c(F)c(F)c(F)c3F)cc2)c1,34
CHEMBL106848,37.0,IC50,=,NS(=O)(=O)c1ccc(SCCO)cc1,14
CHEMBL23559,37.0,Ki,=,NS(=O)(=O)c1ccc(NC(=O)c2ccccc2)cc1,19
CHEMBL102870,37.0,Ki,=,CC(C)c1cc(-c2ccccc2)cc(C(C)C)[n+]1CC(=O)Nc1ccc(S(N)(=O)=O)cc1I.[O-][Cl+3]([O-])([O-])[O-],38
CHEMBL17,38.0,Ki,=,NS(=O)(=O)c1cc(Cl)c(Cl)c(S(N)(=O)=O)c1,16
CHEMBL75747,38.0,Ki,=,NS(=O)(=O)c1ccccc1NC(=O)c1c(F)c(F)cc(F)c1F,23
CHEMBL101196,38.0,Ki,=,Cc1cc(-c2ccccc2)cc(C)[n+]1CC(=O)OCc1ccc(S(N)(=O)=O)cc1.[O-][Cl+3]([O-])([O-])[O-],34
CHEMBL52550,38.0,Ki,=,NS(=O)(=O)c1cc(C(=O)N[C@@H](Cc2c[nH]cn2)C(=O)N[C@@H](Cc2ccccc2)C(=O)O)ccc1Cl,35
CHEMBL140554,38.0,Ki,=,NS(=O)(=O)c1cc(S(N)(=O)=O)c(NC(=O)c2c(F)c(F)c(F)c(F)c2F)c(Cl)c1Cl,30
CHEMBL319794,39.0,Ki,=,CCc1cc(-c2ccccc2)cc(CC)[n+]1CC(=O)NCc1ccc(S(N)(=O)=O)cc1.[O-][Cl+3]([O-])([O-])[O-],36
CHEMBL4747356,39.0,IC50,=,NS(=O)(=O)c1ccc(NC(=O)CSC(=S)N2CCN(c3ccccn3)CC2)cc1,29
CHEMBL6724,40.0,Ki,=,Nc1ccc(S(N)(=O)=O)cc1Br,12
CHEMBL143033,40.0,Ki,=,NS(=O)(=O)c1ccc(N/C(S)=N\CCc2ccccn2)cc1,22
CHEMBL445982,40.0,IC50,=,CCOC(=O)C(/N=N/c1cccc(-n2nc(C(=O)Nc3nnc(S(N)(=O)=O)s3)c(C(=O)c3ccccc3)c2-c2ccccc2)c1)C(=O)c1ccccc1,53
CHEMBL139763,40.0,Ki,=,NS(=O)(=O)c1ccc(COS(=O)(=O)c2c(F)c(F)c(F)c(F)c2F)cc1,26
CHEMBL23238,40.0,Ki,=,NS(=O)(=O)c1ccc(CNS(=O)(=O)c2ccccc2)cc1,21
CHEMBL26,40.0,IC50,=,CCN1CCCC1CNC(=O)c1cc(S(N)(=O)=O)ccc1OC,23
CHEMBL300265,40.0,Ki,=,NS(=O)(=O)c1ccc(C(=O)N[C@@H](Cc2c[nH]cn2)C(=O)O)cc1,23
CHEMBL414,40.0,Ki,=,NS(=O)(=O)c1ccc(C(=O)O)cc1,13
CHEMBL466495,40.0,IC50,=,N#Cc1cccc(-n2nc(C(=O)Nc3nnc(S(N)(=O)=O)s3)c(C(=O)c3ccccc3)c2-c2ccccc2)c1,39
CHEMBL170875,40.0,Ki,=,Cc1cc(C)[n+](-c2ccc(S(N)(=O)=O)cc2)c(C)c1C.[O-][Cl+3]([O-])([O-])[O-],25
CHEMBL1276023,40.0,IC50,=,CCOC(=O)c1c(C(=O)Nc2nnc(S(N)(=O)=O)s2)nn(-c2cccc(N/N=C(/C(C)=O)C(=O)OC(C)(C)C)c2)c1-c1ccccc1,47
CHEMBL2392424,41.97,IC50,=,NS(=O)(=O)c1ccc(-n2cccc2/C=C2/C(=O)NN(c3ccc(F)cc3)C2=O)cc1,30
CHEMBL358290,42.0,Ki,=,NS(=O)(=O)c1ccc(N/C(S)=N\CCc2ccccc2)cc1,22
CHEMBL431742,42.0,Ki,=,NS(=O)(=O)c1ccc(C(=O)NCC(=O)NCC(=O)O)cc1,21
CHEMBL168976,42.0,Ki,=,CCCc1cc(-c2ccccc2)cc(CCC)[n+]1CCc1ccc(S(N)(=O)=O)cc1.[O-][Cl+3]([O-])([O-])[O-],35
CHEMBL317015,42.0,Ki,=,CC(C)c1cc(-c2ccccc2)cc(C(C)C)[n+]1CC(=O)NCc1ccc(S(N)(=O)=O)cc1.[O-][Cl+3]([O-])([O-])[O-],38
CHEMBL109142,43.0,Ki,=,CCCC(CCC)C(=O)Nc1ccc(S(N)(=O)=O)cc1I,21
CHEMBL316529,43.0,Ki,=,Cc1cc(C)[n+](CC(=O)NCc2ccc(S(N)(=O)=O)cc2)c(C)c1.[O-][Cl+3]([O-])([O-])[O-],29
CHEMBL408857,43.0,Ki,=,NS(=O)(=O)c1ccc(COC(=O)CN(CCN(CCN(CC(=O)O)CC(=O)OCc2ccc(S(N)(=O)=O)cc2)CC(=O)O)CC(=O)O)cc1,49
CHEMBL865,43.0,IC50,=,Cc1onc(-c2ccccc2)c1-c1ccc(S(N)(=O)=O)cc1,22
CHEMBL49974,43.0,Ki,=,NS(=O)(=O)c1ccc(C(=O)NC(Cc2ccc(O)c(O)c2)C(=O)O)cc1,26
CHEMBL2092887,44.0,IC50,=,CC(C)CN[C@@H]1CCS(=O)(=O)c2sc(S(N)(=O)=O)cc21.Cl,21
CHEMBL52375,44.0,Ki,=,C[C@H](NC(=O)c1ccc(Cl)c(S(N)(=O)=O)c1)C(=O)N[C@@H](Cc1ccccc1)C(=O)O,30
CHEMBL9849,45.0,IC50,=,CC(C)CN[C@@H]1CCS(=O)(=O)c2sc(S(N)(=O)=O)cc21,20
CHEMBL158827,45.0,Ki,=,NS(=O)(=O)c1ccc(NCc2cc(=O)oc3cc(Cl)ccc23)c(Cl)c1,25
CHEMBL4075581,45.0,IC50,=,COc1cccc(/C=C/C(=O)N[C@@H]2[C@@H](O)[C@H](O)[C@@H](CO)O[C@H]2NC(=S)Nc2ccc(S(N)(=O)=O)cc2)c1,37
CHEMBL417728,45.0,Ki,=,NS(=O)(=O)c1ccc(C(=O)N[C@@H](Cc2ccc(O)cc2)C(=O)O)cc1,25
CHEMBL162064,45.0,IC50,=,NS(=O)(=O)c1cc2ccccc2[nH]1,13
CHEMBL144667,45.0,Ki,=,NS(=O)(=O)c1ccc(N/C(S)=N\Cc2ccccn2)cc1,21
CHEMBL108389,45.0,Ki,=,CCCC(CCC)C(=O)Nc1ccc(S(N)(=O)=O)cc1F,21
CHEMBL262726,45.0,IC50,=,COc1ccc(S(=O)(=O)c2csc(S(N)(=O)=O)c2)cc1,20
CHEMBL319363,45.0,Ki,=,Cc1cc(C)[n+](CC(=O)Nc2ccc(S(N)(=O)=O)cc2Br)c(C)c1.[O-][Cl+3]([O-])([O-])[O-],29
CHEMBL1099151,45.9,IC50,=,NCCCCNC(=O)c1cc(S(N)(=O)=O)cnc1Sc1c(F)c(F)cc(F)c1F,29
CHEMBL103757,46.0,Ki,=,CCc1cc(-c2ccccc2)cc(CC)[n+]1CC(=O)OCCc1ccc(S(N)(=O)=O)cc1.[O-][Cl+3]([O-])([O-])[O-],37
CHEMBL441054,47.0,Ki,=,CC(=O)Nc1ccc(S(N)(=O)=O)cc1I,15
CHEMBL3415380,47.0,IC50,=,CCN[C@H]1C[C@H](CCO[N+](=O)[O-])S(=O)(=O)c2sc(S(N)(=O)=O)cc21,24
CHEMBL312006,47.5,Ki,=,NS(=O)(=O)c1cc2c(s1)SC(CC(=O)O)C(=O)N2,18
CHEMBL1099124,48.0,IC50,=,COCCCNC(=O)c1cc(S(N)(=O)=O)cnc1Sc1ccccc1,25
CHEMBL2113714,48.0,Ki,=,CC[C@H](C)[C@H](NC(=O)c1ccc(S(N)(=O)=O)cc1)C(=O)O,21
CHEMBL2392432,48.09,IC50,=,NS(=O)(=O)c1ccc(CNC2CC(=O)N(c3cccc(Br)c3)C2=O)cc1,26
CHEMBL101183,49.0,Ki,=,Cc1cc(C)[n+](CC(=O)Nc2ccc(S(N)(=O)=O)cc2I)c(C)c1.[O-][Cl+3]([O-])([O-])[O-],29
CHEMBL168898,49.0,Ki,=,NS(=O)(=O)Nc1cccc(C(=O)c2ccccc2)c1,19
CHEMBL23796,49.0,Ki,=,NS(=O)(=O)c1ccc(NS(=O)(=O)c2ccccc2)cc1,20
CHEMBL422747,50.0,Ki,=,CC(C)c1cc(-c2ccccc2)cc(C(C)C)[n+]1-c1ccc(S(N)(=O)=O)cc1.[O-][Cl+3]([O-])([O-])[O-],33
CHEMBL170938,50.0,Ki,=,Cc1cc(C)[n+](Cc2ccc(S(N)(=O)=O)cc2)c(C)c1.[O-][Cl+3]([O-])([O-])[O-],25
CHEMBL344709,50.0,Ki,=,NS(=O)(=O)c1ccc(CCOC(=O)c2c(F)c(F)c(F)c(F)c2F)cc1,26
CHEMBL6946,50.0,Ki,=,Nc1ccc(S(=O)(=O)Nc2ccccc2S(N)(=O)=O)cc1,21
CHEMBL3137761,50.0,Ki,=,C[C@H](CCC(=O)Nc1nnc(S(N)(=O)=O)s1)[C@H]1CC[C@H]2[C@@H]3[C@H](O)C[C@@H]4C[C@H](O)CC[C@]4(C)[C@H]3C[C@H](O)[C@]12C,38
CHEMBL70020,50.0,Ki,=,Nc1c(Cl)cc(S(N)(=O)=O)cc1Cl,13
CHEMBL82865,50.0,IC50,=,COc1cccc2cc(S(N)(=O)=O)sc12,15
CHEMBL1276394,50.0,IC50,=,CCOC(=O)c1c(C(=O)Nc2nnc(S(N)(=O)=O)s2)nn(-c2cccc(I)c2)c1-c1ccccc1,35
CHEMBL353514,50.0,Ki,=,Cc1cc(C)[n+](Cc2ccc(S(N)(=O)=O)cc2)c(C(C)C)c1.[O-][Cl+3]([O-])([O-])[O-],27
CHEMBL107989,50.0,Ki,=,CCCC(CCC)C(=O)Nc1ccc(S(N)(=O)=O)cc1Cl,21
CHEMBL50045,50.0,Ki,=,NS(=O)(=O)c1cc(C(=O)N[C@@H](Cc2c[nH]cn2)C(=O)NCC(=O)O)ccc1Cl,28
CHEMBL140389,51.0,Ki,=,NS(=O)(=O)c1ccc(NC(=O)C(F)(F)C(F)(F)C(F)(F)C(F)(F)C(F)(F)C(F)(F)C(F)(F)C(F)(F)F)c(F)c1,39
CHEMBL2408079,51.0,IC50,=,Cc1ccnc(NS(=O)(=O)c2ccc(/N=C/c3c(Cl)c4ccccc4oc3=O)cc2)n1,31
CHEMBL298755,51.0,Ki,=,CC(C)C[C@H](NC(=O)c1ccc(Cl)c(S(N)(=O)=O)c1)C(=O)NCC(=O)O,26
CHEMBL104524,51.0,IC50,=,Nc1cc(S(N)(=O)=O)ccc1S(=O)(=O)CCO,17
CHEMBL336483,51.0,Ki,=,NS(=O)(=O)c1cc(S(N)(=O)=O)c(NS(=O)(=O)C(F)(F)C(F)(F)C(F)(F)C(F)(F)F)c(Cl)c1Cl,33
CHEMBL103802,51.0,Ki,=,CCc1cc(-c2ccccc2)cc(CC)[n+]1CC(=O)OCc1ccc(S(N)(=O)=O)cc1.[O-][Cl+3]([O-])([O-])[O-],36
CHEMBL53972,52.0,Ki,=,NS(=O)(=O)c1ccc(C(=O)N[C@@H](Cc2ccccc2)C(=O)O)cc1,24
CHEMBL3785391,52.08,IC50,=,CN(C)C(=O)NC1CCc2cc(O)ccc2C1,17
CHEMBL1095855,52.8,IC50,=,COc1ccc(CNCc2cc(S(N)(=O)=O)cnc2Sc2ccc(F)c(F)c2)cc1,30
CHEMBL4090618,53.0,IC50,=,COc1ccccc1/C=C/C(=O)N[C@@H]1[C@@H](O)[C@H](O)[C@@H](CO)O[C@H]1NC(=S)Nc1ccc(S(N)(=O)=O)cc1,37
CHEMBL49062,53.0,Ki,=,CC(C)C[C@H](NC(=O)c1ccc(S(N)(=O)=O)cc1)C(=O)O,21
CHEMBL140169,54.0,Ki,=,NS(=O)(=O)c1ccc(COC(=O)c2c(F)c(F)c(F)c(F)c2F)cc1,25
CHEMBL344861,54.0,Ki,=,NS(=O)(=O)c1ccc(CCNS(=O)(=O)C(F)(F)C(F)(F)C(F)(F)C(F)(F)C(F)(F)C(F)(F)C(F)(F)C(F)(F)F)cc1,41
CHEMBL3138150,54.0,Ki,=,C[C@H](CCC(=O)Nc1cc(Cl)c(S(N)(=O)=O)cc1S(N)(=O)=O)[C@H]1CC[C@H]2[C@@H]3CC[C@@H]4C[C@H](O)CC[C@]4(C)[C@H]3CC[C@]12C,42
CHEMBL430810,54.0,Ki,=,Nc1c(Cl)cc(S(N)(=O)=O)cc1Br,13
CHEMBL141052,55.0,Ki,=,NS(=O)(=O)c1ccc(NC(=O)C(F)(F)C(F)(F)C(F)(F)C(F)(F)C(F)(F)C(F)(F)C(F)(F)C(F)(F)F)c(Cl)c1,39
CHEMBL142142,55.0,Ki,=,NS(=O)(=O)c1ccc(CCNC(=O)C(F)(F)C(F)(F)C(F)(F)C(F)(F)C(F)(F)C(F)(F)C(F)(F)C(F)(F)F)cc1,40
CHEMBL507085,55.0,IC50,=,CC(=O)C(/N=N/c1cccc(-n2nc(C(=O)Nc3nnc(S(N)(=O)=O)s3)c(C(=O)c3ccccc3)c2-c2ccccc2)c1)C(=O)OC(C)(C)C,50
CHEMBL4096770,55.0,IC50,=,COc1cc(/C=C/C(=O)N[C@@H]2[C@@H](O)[C@H](O)[C@@H](CO)O[C@H]2NC(=S)Nc2ccc(S(N)(=O)=O)cc2)cc(OC)c1OC,41
CHEMBL1098817,57.1,IC50,=,COCCNC(=O)c1cc(S(N)(=O)=O)cnc1Sc1ccccc1,24
CHEMBL2408075,58.0,IC50,=,O=c1oc2ccccc2c(Cl)c1/C=N/c1ccc(S(=O)(=O)Nc2nccs2)cc1,29
CHEMBL560175,59.0,IC50,=,COc1cc(O)c(/C=C\C(=O)O)cc1[C@@H](O)CC(C)C,20
CHEMBL4250387,59.0,IC50,=,CCOC(=O)c1cccc(CSCc2ccc(S(N)(=O)=O)cc2)c1,24
CHEMBL23838,59.0,IC50,=,CCOP(=O)(OCC)Oc1ccc([N+](=O)[O-])cc1,18
CHEMBL3785207,59.7,IC50,=,CN(C)C(=O)N[C@H]1CCc2ccc(O)cc2C1,17
CHEMBL171350,60.0,Ki,=,Cc1cc(-c2ccccc2)cc(C)[n+]1-c1ccc(S(N)(=O)=O)cc1.[O-][Cl+3]([O-])([O-])[O-],29
CHEMBL265674,60.0,Ki,=,Nc1nnc(S(N)(=O)=O)s1,10
CHEMBL6853,60.0,Ki,=,Nc1ccc(S(N)(=O)=O)cc1F,12
CHEMBL165245,60.0,IC50,=,COc1ccc2cc(S(N)(=O)=O)[nH]c2c1,15
CHEMBL141965,60.0,Ki,=,NS(=O)(=O)c1ccc(CNS(=O)(=O)C(F)(F)C(F)(F)C(F)(F)C(F)(F)C(F)(F)C(F)(F)C(F)(F)C(F)(F)F)cc1,40
CHEMBL422907,60.0,Ki,=,CCc1cc(-c2ccccc2)cc(CC)[n+]1-c1ccc(S(N)(=O)=O)cc1.[O-][Cl+3]([O-])([O-])[O-],31
CHEMBL80096,60.0,IC50,=,CN(C)c1ccc(C(=O)Oc2ccc3nc(S(N)(=O)=O)sc3c2)cc1,25
CHEMBL1276022,60.0,IC50,=,CCOC(=O)C(=NNc1cccc(-n2nc(C(=O)Nc3nnc(S(N)(=O)=O)s3)c(C(=O)OCC)c2-c2ccccc2)c1)C(=O)OCC,47
CHEMBL2392423,60.93,IC50,=,NS(=O)(=O)c1ccc(NC(=S)NC(=O)c2ccccc2)cc1,22
CHEMBL169623,61.0,Ki,=,CC(C)c1cc(-c2ccccc2)cc(C(C)C)[n+]1Cc1ccc(S(N)(=O)=O)cc1.[O-][Cl+3]([O-])([O-])[O-],34
CHEMBL68605,61.0,Ki,=,Nc1c(Cl)cc(S(N)(=O)=O)cc1I,13
CHEMBL35043,61.0,Ki,=,NS(=O)(=O)c1ccc(CCOC(=O)CN(CCN(CCN(CC(=O)O)CC(=O)O)CC(=O)O)CC(=O)O)cc1,39
CHEMBL2408073,61.0,IC50,=,Cc1ccc2oc(=O)c(/C=N/c3ccc(S(=O)(=O)Nc4nccc(C)n4)cc3)c(Cl)c2c1,32
CHEMBL2336901,61.8,IC50,=,COc1cccc(-c2nnc(Nc3cccc(S(N)(=O)=O)c3)c3ccccc23)c1,29
CHEMBL344056,62.0,Ki,=,NS(=O)(=O)c1ccc(CNC(=O)C(F)(F)C(F)(F)C(F)(F)C(F)(F)C(F)(F)C(F)(F)C(F)(F)C(F)(F)F)cc1,39
CHEMBL4303669,62.0,IC50,=,O.O=P(O)(O)C(O)(Cn1ccnc1)P(=O)(O)O,17
CHEMBL344030,62.0,Ki,=,NS(=O)(=O)c1ccc(NS(=O)(=O)C(F)(F)C(F)(F)C(F)(F)C(F)(F)C(F)(F)C(F)(F)C(F)(F)C(F)(F)F)cc1,39
CHEMBL418,62.0,Ki,=,Nc1cc(C(F)(F)F)c(S(N)(=O)=O)cc1S(N)(=O)=O,19
CHEMBL445615,62.0,Ki,=,NS(=O)(=O)c1cc(C(=O)N[C@H](C(=O)O)C(O)c2ccccc2)ccc1Cl,26
CHEMBL4070358,63.0,IC50,=,COc1cc(OC)c(OC)cc1/C=C/C(=O)N[C@@H]1[C@@H](O)[C@H](O)[C@@H](CO)O[C@H]1NC(=S)Nc1ccc(S(N)(=O)=O)cc1,41
CHEMBL2408085,63.0,IC50,=,Cc1ccnc(NS(=O)(=O)c2ccc(/N=C/c3c(Cl)c4cc(C(C)(C)C)cc(C(C)(C)C)c4oc3=O)cc2)n1,39
CHEMBL23058,63.0,Ki,=,CCCCCC(=O)Nc1ccc(S(N)(=O)=O)cc1,18
CHEMBL24231,63.0,IC50,=,O=[N+]([O-])c1ccc(OP(=O)(O)O)cc1,14
CHEMBL284694,64.0,Ki,=,NS(=O)(=O)c1ccc(NC(=O)CN(CCN(CCN(CC(=O)O)CC(=O)Nc2ccc(S(N)(=O)=O)cc2)CC(=O)O)CC(=O)O)cc1,47
CHEMBL105573,64.0,IC50,=,NS(=O)(=O)c1ccc(CCCO)cc1,14
CHEMBL4063719,65.0,IC50,=,COc1ccc(/C=C/C(=O)N[C@@H]2[C@@H](O)[C@H](O)[C@@H](CO)O[C@H]2NC(=S)Nc2ccc(S(N)(=O)=O)cc2)cc1,37
CHEMBL4085932,65.0,IC50,=,C[C@]12CC[C@@H]3c4ccc(O)cc4CC[C@H]3[C@@H]1CC[C@@H]2OC(=O)CNC(=O)c1ccc(S(N)(=O)=O)cc1,36
CHEMBL281794,66.0,Ki,=,NS(=O)(=O)c1ccc(NC(=O)C(F)(F)C(F)(F)C(F)(F)C(F)(F)C(F)(F)C(F)(F)C(F)(F)C(F)(F)F)cc1,38
CHEMBL300436,66.0,Ki,=,CSCC[C@H](NC(=O)c1ccc(S(N)(=O)=O)cc1)C(=O)O,21
CHEMBL443483,67.0,Ki,=,NS(=O)(=O)c1cccc(NS(=O)(=O)C(F)(F)C(F)(F)C(F)(F)C(F)(F)C(F)(F)C(F)(F)C(F)(F)C(F)(F)F)c1,39
CHEMBL1096820,67.6,IC50,=,NS(=O)(=O)c1ccc(Sc2ccccc2)c(C(=O)NCc2ccccn2)c1,27
CHEMBL170725,68.0,Ki,=,CC1(C)OC[C@@H]2O[C@@]3(C(=O)NS(N)(=O)=O)OC(C)(C)O[C@H]3[C@@H]2O1,23
CHEMBL141526,69.0,Ki,=,NS(=O)(=O)c1cccc(NC(=O)C(F)(F)C(F)(F)C(F)(F)C(F)(F)C(F)(F)C(F)(F)C(F)(F)C(F)(F)F)c1,38
CHEMBL140933,69.0,Ki,=,NS(=O)(=O)c1ccc(NC(=O)C(F)(F)C(F)(F)C(F)(F)C(F)(F)C(F)(F)C(F)(F)C(F)(F)C(F)(F)F)c(Br)c1,39
CHEMBL268177,70.0,Ki,=,Nc1ccc(S(N)(=O)=O)cc1I,12
CHEMBL341548,70.0,Ki,=,NS(=O)(=O)c1ccc(NC(=O)C(F)(F)C(F)(F)C(F)(F)C(F)(F)C(F)(F)C(F)(F)C(F)(F)C(F)(F)F)c(I)c1,39
CHEMBL3291012,70.0,IC50,=,COc1ccc(-c2ccc(S(=O)(=O)NC(P(=O)(O)O)P(=O)(O)O)cc2)cc1,27
CHEMBL419188,70.0,Ki,=,CCCC(CCC)C(=O)Nc1cc(Cl)c(S(N)(=O)=O)cc1S(N)(=O)=O,25
CHEMBL319364,70.0,Ki,=,CC(C)c1cc(-c2ccccc2)cc(C(C)C)[n+]1CC(=O)OCCc1ccc(S(N)(=O)=O)cc1.[O-][Cl+3]([O-])([O-])[O-],39
CHEMBL3402248,70.1,IC50,=,Cc1ccc(S(=O)(=O)NC(=O)C2[C@H](C(=O)OCc3ccccc3)[C@@]3(Cl)C(Cl)=C(Cl)[C@@]2(Cl)C3(Cl)Cl)cc1,36
CHEMBL3785269,70.44,IC50,=,COc1cccc2c1CCC(NS(=O)(=O)N(C)C)C2,19
CHEMBL101002,71.0,Ki,=,CC(C)c1cc(-c2ccccc2)cc(C(C)C)[n+]1CC(=O)OCc1ccc(S(N)(=O)=O)cc1.[O-][Cl+3]([O-])([O-])[O-],38
CHEMBL354527,71.0,Ki,=,CC1(C)OC[C@@H]2O[C@@]3(COC(=O)NS(N)(=O)=O)OC(C)(C)O[C@H]3[C@@H]2O1,25
CHEMBL3291013,71.0,IC50,=,O=[N+]([O-])c1ccc(-c2ccc(S(=O)(=O)NC(P(=O)(O)O)P(=O)(O)O)cc2)cc1,28
CHEMBL51200,72.0,Ki,=,NC(=O)C[C@H](NC(=O)c1ccc(S(N)(=O)=O)cc1)C(=O)O,21
CHEMBL344887,72.0,Ki,=,NS(=O)(=O)c1cc(S(N)(=O)=O)c(NC(=O)C(F)(F)C(F)(F)C(F)(F)C(F)(F)C(F)(F)C(F)(F)C(F)(F)C(F)(F)F)c(Cl)c1Cl,44
CHEMBL418085,73.0,Ki,=,NS(=O)(=O)c1ccc(C(=O)NCCCC(=O)O)cc1,19
CHEMBL50921,73.0,Ki,=,NS(=O)(=O)c1ccc(C(=O)N[C@@H](CC(=O)O)C(=O)O)cc1,21
CHEMBL306195,73.0,Ki,=,Nc1c(Br)cc(S(N)(=O)=O)cc1Br,13
CHEMBL50897,74.0,Ki,=,NS(=O)(=O)c1ccc(C(=O)N[C@@H](CCC(=O)O)C(=O)O)cc1,22
CHEMBL51586,74.0,Ki,=,CC(C)[C@H](NC(=O)c1ccc(S(N)(=O)=O)cc1)C(=O)O,20
CHEMBL308459,74.0,Ki,=,CC(=O)Nc1ccc(S(N)(=O)=O)cc1Cl,15
CHEMBL3786937,74.69,IC50,=,CN(C)C(=O)N[C@H]1CCc2c(O)cccc2C1,17
CHEMBL266240,75.0,Ki,=,Nc1cc(Cl)c(S(N)(=O)=O)cc1S(N)(=O)=O,16
CHEMBL299160,75.0,Ki,=,NC(=O)CC[C@H](NC(=O)c1ccc(S(N)(=O)=O)cc1)C(=O)O,22
CHEMBL23377,75.0,Ki,=,CC(=O)Nc1ccc(S(=O)(=O)NCCc2ccc(S(N)(=O)=O)cc2)cc1,26
CHEMBL32836,75.0,Ki,=,NS(=O)(=O)c1ccc(NC(=O)CN(CCN(CCN(CC(=O)O)CC(=O)O)CC(=O)O)CC(=O)O)cc1,37
CHEMBL22374,75.0,Ki,=,NS(=O)(=O)c1ccc(CCNC(=O)Nc2ccccc2)cc1,22
CHEMBL309592,76.0,Ki,=,NS(=O)(=O)c1ccc(NC(=O)c2c(F)c(F)cc(F)c2F)c(Cl)c1,24
CHEMBL99638,78.0,Ki,=,Cc1cc(C)[n+](CC(=O)OCCc2ccc(S(N)(=O)=O)cc2)c(C)c1.[O-][Cl+3]([O-])([O-])[O-],30
CHEMBL430667,79.0,Ki,=,Cc1cc(C)[n+](CC(=O)OCc2ccc(S(N)(=O)=O)cc2)c(C)c1.[O-][Cl+3]([O-])([O-])[O-],29
CHEMBL50446,79.0,Ki,=,C[C@H](NC(=O)c1ccc(S(N)(=O)=O)cc1)C(=O)O,18
CHEMBL1098657,79.3,IC50,=,NS(=O)(=O)c1cnc(Sc2ccc(F)c(F)c2)c(CO)c1,21
CHEMBL354626,80.0,Ki,=,Cc1cc(C(C)C)[n+](Cc2ccc(S(N)(=O)=O)cc2)c(C(C)C)c1.[O-][Cl+3]([O-])([O-])[O-],29
CHEMBL3138138,80.0,Ki,=,C[C@H](CCC(=O)NCc1ccc(S(N)(=O)=O)cc1)[C@H]1CC[C@H]2[C@@H]3CC[C@@H]4C[C@H](O)CC[C@]4(C)[C@H]3C[C@H](O)[C@]12C,39
CHEMBL176495,80.0,IC50,=,NNc1ccccc1S(N)(=O)=O,12
CHEMBL34974,80.0,Ki,=,NS(=O)(=O)c1ccc(COC(=O)CN(CCN(CCN(CC(=O)O)CC(=O)O)CC(=O)O)CC(=O)O)cc1,38
CHEMBL1276024,80.0,IC50,=,CCOC(=O)c1c(C(=O)Nc2nnc(S(N)(=O)=O)s2)nn(-c2cccc3c2cc(C)n3CC(C)=O)c1-c1ccccc1,42
CHEMBL7204,80.0,IC50,=,NNc1ccc(S(N)(=O)=O)cc1,12
CHEMBL1276015,80.0,IC50,=,CCOC(=O)c1c(C(=O)Nc2nnc(S(N)(=O)=O)s2)nn(-c2cccc(/N=N/c3c(O)ccc4ccccc34)c2)c1-c1ccccc1,47
CHEMBL3138155,81.0,Ki,=,C[C@H](CCC(=O)OCCc1ccc(S(N)(=O)=O)cc1)[C@H]1CC[C@H]2[C@@H]3CC[C@@H]4C[C@H](O)CC[C@]4(C)[C@H]3CC[C@]12C,39
CHEMBL3138165,82.0,Ki,=,C[C@H](CCC(=O)Nc1ccc(S(N)(=O)=O)cc1Cl)[C@H]1CC[C@H]2[C@@H]3[C@H](O)C[C@@H]4C[C@H](O)CC[C@]4(C)[C@H]3C[C@H](O)[C@]12C,40
CHEMBL3415382,82.0,IC50,=,CCN[C@H]1C[C@H](CCCO)S(=O)(=O)c2sc(S(N)(=O)=O)cc21,22
CHEMBL111245,84.0,Ki,=,CCCC(CCC)C(=O)NCCc1ccc(S(N)(=O)=O)cc1,22
CHEMBL75620,84.0,Ki,=,NS(=O)(=O)c1ccc(NC(=O)c2c(F)c(F)cc(F)c2F)c(Br)c1,24
CHEMBL1098208,84.1,IC50,=,NS(=O)(=O)c1ccc(Sc2ccccn2)c(C(=O)NCc2ccccn2)c1,27
CHEMBL2408076,85.0,IC50,=,N=C(N)NS(=O)(=O)c1ccc(/N=C/c2c(Cl)c3ccccc3oc2=O)cc1,27
CHEMBL51455,85.0,Ki,=,NS(=O)(=O)c1cc(C(=O)NCC(=O)NCC(=O)O)ccc1Cl,22
CHEMBL51534,85.0,Ki,=,NS(=O)(=O)c1ccc(C(=O)NCCC(=O)O)cc1,18
CHEMBL51385,85.0,Ki,=,NS(=O)(=O)c1ccc(C(=O)NCC(=O)O)cc1,17
CHEMBL453931,85.0,IC50,=,CC(=O)C(/N=N/c1cccc(-n2nc(C(=O)Nc3nnc(S(N)(=O)=O)s3)c(C(=O)c3ccccc3)c2-c2ccccc2)c1)C(C)=O,46
CHEMBL592131,86.0,IC50,=,N#Cc1ccc(Cn2cncn2)cc1-c1ccc(OS(N)(=O)=O)c(Cl)c1,26
CHEMBL7002,86.0,IC50,=,CC1(COc2ccc(CC3SC(=O)NC3=O)cc2)CCCCC1,23
CHEMBL2408086,88.0,IC50,=,Cc1ccc2oc(=O)c(/C=N/c3ccc(S(N)(=O)=O)cc3)c(Cl)c2c1,25
CHEMBL352612,90.0,Ki,=,CCCc1cc(-c2ccccc2)cc(CCC)[n+]1Cc1ccc(S(N)(=O)=O)cc1.[O-][Cl+3]([O-])([O-])[O-],34
CHEMBL140252,90.0,Ki,=,NS(=O)(=O)c1cc(S(N)(=O)=O)c(NS(=O)(=O)C(F)(F)F)cc1Cl,23
CHEMBL499578,94.0,IC50,=,CCOC(=O)C(/N=N/c1cccc(-n2nc(C(=O)Nc3nnc(S(N)(=O)=O)s3)c(C(=O)c3ccccc3)c2-c2ccccc2)c1)C(=O)OCC,50
CHEMBL433685,96.0,Ki,=,NS(=O)(=O)c1ccccc1NS(=O)(=O)C(F)(F)C(F)(F)C(F)(F)C(F)(F)C(F)(F)C(F)(F)C(F)(F)C(F)(F)F,39
CHEMBL432626,96.0,Ki,=,CCCC(CCC)C(=O)NCc1ccc(S(N)(=O)=O)cc1,21
CHEMBL3138384,97.0,Ki,=,C[C@H](CCC(=O)OCc1ccc(S(N)(=O)=O)cc1)[C@H]1CC[C@H]2[C@@H]3[C@H](O)C[C@@H]4C[C@H](O)CC[C@]4(C)[C@H]3C[C@H](O)[C@]12C,40
CHEMBL342146,98.0,Ki,=,NS(=O)(=O)c1ccc(NS(=O)(=O)C(F)(F)C(F)(F)C(F)(F)C(F)(F)F)c(F)c1,28
CHEMBL265112,98.0,Ki,=,NS(=O)(=O)c1cc(S(N)(=O)=O)c(NS(=O)(=O)C(F)(F)C(F)(F)C(F)(F)C(F)(F)C(F)(F)C(F)(F)C(F)(F)C(F)(F)F)c(Cl)c1Cl,45
CHEMBL158363,100.0,IC50,=,NS(=O)(=O)c1cc2c(s1)[S+]([O-])CCC2O,15
CHEMBL4067116,100.0,IC50,=,C[C@]12CC[C@@H]3c4ccc(O)cc4CC[C@H]3[C@@H]1CC[C@@H]2OC(=O)[C@H](Cc1ccccc1)NC(=O)c1ccc(S(N)(=O)=O)cc1,43
CHEMBL140942,100.0,Ki,=,NS(=O)(=O)c1nnc(NS(=O)(=O)C(F)(F)F)s1,17
CHEMBL2170079,100.0,IC50,=,O=C(NCCCCNS(=O)(=O)c1ccc(Oc2ccccc2)cc1)P(=O)(O)O,28
CHEMBL82867,100.0,IC50,=,NS(=O)(=O)c1cc2ccc(OP(=O)([O-])[O-])cc2s1.[Na+].[Na+],20
CHEMBL443431,100.0,IC50,=,CC(=O)Cn1c(C)cc2c(-n3nc(C(=O)Nc4nnc(S(N)(=O)=O)s4)c(C(=O)c4ccccc4)c3-c3ccccc3)cccc21,45
CHEMBL2408088,100.0,IC50,=,Cc1ccc2oc(=O)c(/C=N/c3ccc(S(=O)(=O)NC(=N)N)cc3)c(Cl)c2c1,28
CHEMBL67823,100.0,IC50,=,NS(=O)(=O)CS(=O)(=O)CCc1ccccc1,16
CHEMBL2172744,100.0,IC50,=,O=C(NCCCCCCNS(=O)(=O)c1ccc(Oc2ccccc2)cc1)P(=O)(O)O,30
CHEMBL355026,103.0,Ki,=,Cc1cc(-c2ccccc2)cc(-c2ccccc2)[n+]1CCc1ccc(S(N)(=O)=O)cc1.[O-][Cl+3]([O-])([O-])[O-],36
CHEMBL2408082,103.0,IC50,=,CC(C)(C)c1cc(C(C)(C)C)c2oc(=O)c(/C=N/c3ccc(S(=O)(=O)NC(=N)N)cc3)c(Cl)c2c1,35
CHEMBL138178,103.0,Ki,=,NS(=O)(=O)c1ccccc1NC(=O)C(F)(F)C(F)(F)C(F)(F)C(F)(F)C(F)(F)C(F)(F)C(F)(F)C(F)(F)F,38
CHEMBL279246,105.0,Ki,=,NS(=O)(=O)c1ccc(CNC(=O)Nc2ccccc2)cc1,21
CHEMBL1098207,106.0,IC50,=,NS(=O)(=O)c1ccc(Sc2ccccc2CO)c(C(=O)NCc2ccccn2)c1,29
CHEMBL138009,107.0,Ki,=,NS(=O)(=O)c1ccc(NNC(=O)C(F)(F)C(F)(F)C(F)(F)C(F)(F)C(F)(F)C(F)(F)C(F)(F)C(F)(F)F)cc1,39
CHEMBL430600,107.0,Ki,=,Nc1c(Br)cc(S(N)(=O)=O)cc1I,13
CHEMBL7092,110.0,Ki,=,Nc1ccc(S(N)(=O)=O)cc1Cl,12
CHEMBL164438,110.0,IC50,=,COc1ccc2cc(S(N)(=O)=O)n(C)c2c1,16
CHEMBL6784,110.0,Ki,=,NS(=O)(=O)c1ccc(CCO)cc1,13
CHEMBL4075710,110.0,IC50,=,C[C@]12CC[C@@H]3c4ccc(O)cc4CC[C@H]3[C@@H]1CC[C@@H]2OC(=O)[C@@H]1CCCN1C(=O)c1ccc(S(N)(=O)=O)cc1,39
CHEMBL343268,110.0,Ki,=,NS(=O)(=O)c1ccc(NS(=O)(=O)c2c(F)c(F)c(F)c(F)c2F)c(Cl)c1,26
CHEMBL1276021,110.0,IC50,=,CCOC(=O)/C(=N/Nc1cccc(-n2nc(C(=O)Nc3nnc(S(N)(=O)=O)s3)c(C(=O)OCC)c2-c2ccccc2)c1)C(C)=O,45
CHEMBL140116,110.0,Ki,=,NS(=O)(=O)c1ccc(NNS(=O)(=O)C(F)(F)C(F)(F)C(F)(F)C(F)(F)C(F)(F)C(F)(F)C(F)(F)C(F)(F)F)cc1,40
CHEMBL103302,110.0,Ki,=,Cc1cc(-c2ccccc2)cc(C)[n+]1CC(=O)Nc1ccc(S(N)(=O)=O)cc1.[O-][Cl+3]([O-])([O-])[O-],33
CHEMBL50481,110.0,Ki,=,NS(=O)(=O)c1ccc(C(=O)N[C@@H](CS)C(=O)O)cc1,19
CHEMBL3402245,110.2,IC50,=,Cc1ccc(S(=O)(=O)NC(=O)C2[C@H]3C=C[C@H](C3)[C@H]2C(=O)OCc2ccccc2)cc1,30
CHEMBL3402246,110.7,IC50,=,Cc1ccc(S(=O)(=O)NC(=O)C2CC=CCC2C(=O)OCc2ccccc2)cc1,29
CHEMBL3402250,110.9,IC50,=,Cc1ccc(S(=O)(=O)NC(=O)[C@H]2[C@@H]3C[C@@H]([C@@H](O)[C@H]3O)[C@H]2C(=O)O)cc1,25
CHEMBL2408080,112.0,IC50,=,CC(C)(C)c1cc(C(C)(C)C)c2oc(=O)c(/C=N/c3ccc(S(N)(=O)=O)cc3)c(Cl)c2c1,32
CHEMBL595,114.0,IC50,=,CCc1ccc(CCOc2ccc(CC3SC(=O)NC3=O)cc2)nc1,25
CHEMBL298132,115.0,Ki,=,C[C@@H](O)[C@H](NC(=O)c1ccc(S(N)(=O)=O)cc1)C(=O)O,20
CHEMBL107722,115.0,Ki,=,CCCC(CCC)C(=O)OCc1ccc(S(N)(=O)=O)cc1,21
CHEMBL24121,120.0,Ki,=,NS(=O)(=O)c1ccc(/N=C\c2ncc[nH]2)cc1,17
CHEMBL53135,120.0,Ki,=,NS(=O)(=O)c1ccc(C(=O)N[C@@H](CO)C(=O)O)cc1,19
CHEMBL4077445,120.0,IC50,=,C[C@]12CC[C@@H]3c4ccc(O)cc4CC[C@H]3[C@@H]1CC[C@@H]2OC(=O)[C@@H]1CCCN1C(=O)c1cccc(-c2ccc(S(N)(=O)=O)cc2)c1,45
CHEMBL171792,120.0,Ki,=,CCCc1cc(-c2ccccc2)cc(CCC)[n+]1-c1ccc(S(N)(=O)=O)cc1.[O-][Cl+3]([O-])([O-])[O-],33
CHEMBL350430,120.0,Ki,=,NS(=O)(=O)c1ccc(CCNCc2cc(=O)oc3cc(Cl)ccc23)cc1,26
CHEMBL3402253,120.3,IC50,=,Cc1ccc(S(=O)(=O)NC(=O)[C@@H]2[C@H](C(=O)O)[C@]3(Cl)C(Cl)(Cl)[C@]2(Cl)[C@@](O)(Cl)[C@]3(O)Cl)cc1,31
CHEMBL355320,121.0,Ki,=,Cc1cc(-c2ccccc2)cc(-c2ccccc2)[n+]1Cc1ccc(S(N)(=O)=O)cc1.[O-][Cl+3]([O-])([O-])[O-],35
CHEMBL2408087,121.0,IC50,=,Cc1ccc2oc(=O)c(/C=N/c3ccc(S(=O)(=O)Nc4nccs4)cc3)c(Cl)c2c1,30
CHEMBL3402244,121.5,IC50,=,Cc1ccc(S(=O)(=O)NC(=O)C2C(C(=O)OCc3ccccc3)[C@@H]3C=C[C@H]2CC3)cc1,31
CHEMBL2408081,122.0,IC50,=,CC(C)(C)c1cc(C(C)(C)C)c2oc(=O)c(/C=N/c3ccc(S(=O)(=O)Nc4nccs4)cc3)c(Cl)c2c1,37
CHEMBL1076889,122.0,IC50,=,[NH-]S(=O)(=O)C(F)(F)C(F)(F)C(F)(F)C(F)(F)C(F)(F)C(F)(F)F.[Na+],24
CHEMBL168526,123.0,Ki,=,NS(=O)(=O)NCc1ccccc1,12
CHEMBL67755,124.0,Ki,=,Nc1c(I)cc(S(N)(=O)=O)cc1I,13
CHEMBL422639,125.0,Ki,=,NS(=O)(=O)c1ccc(NS(=O)(=O)C(F)(F)C(F)(F)C(F)(F)C(F)(F)C(F)(F)C(F)(F)C(F)(F)C(F)(F)F)c(F)c1,40
CHEMBL6919,125.0,Ki,=,NS(=O)(=O)c1ccc(CO)cc1,12
CHEMBL140544,125.0,Ki,=,NS(=O)(=O)c1ccc(NC(=O)c2c(F)c(F)c(F)c(F)c2F)c(Cl)c1,25
CHEMBL141408,125.0,Ki,=,NS(=O)(=O)c1ccc(NS(=O)(=O)c2c(F)c(F)c(F)c(F)c2F)c(Br)c1,26
CHEMBL350327,125.0,Ki,=,NS(=O)(=O)c1ccc(NCc2cc(=O)oc3cc(Cl)ccc23)cc1,24
CHEMBL268809,125.0,Ki,=,NS(=O)(=O)c1cccc2cccnc12,14
CHEMBL103325,125.0,Ki,=,CCc1cc(-c2ccccc2)cc(CC)[n+]1CC(=O)Nc1ccc(S(N)(=O)=O)cc1.[O-][Cl+3]([O-])([O-])[O-],35
CHEMBL3402249,126.5,IC50,=,Cc1ccc(S(=O)(=O)NC(=O)C2C(C(=O)O)[C@H]3CC[C@@H]2[C@H](O)[C@@H]3O)cc1,26
CHEMBL4089618,129.0,IC50,=,C[C@]12CC[C@@H]3c4ccc(O)cc4CC[C@H]3[C@@H]1CC[C@@H]2OC(=O)[C@@H]1CCCN1Cc1ccc(S(N)(=O)=O)cc1,38
CHEMBL319090,130.0,Ki,=,CC(C)c1cc(-c2ccccc2)cc(C(C)C)[n+]1CC(=O)Nc1ccc(S(N)(=O)=O)cc1.[O-][Cl+3]([O-])([O-])[O-],37
CHEMBL513820,130.0,IC50,=,NS(=O)(=O)c1nnc(NC(=O)c2nn(-c3cccc(I)c3)c(-c3ccccc3)c2C(=O)c2ccccc2)s1,38
CHEMBL180475,130.0,IC50,=,NS(=O)(=O)OCC1CCc2ccccc2O1,16
CHEMBL120917,130.0,IC50,=,CC1(C)O[C@H]2[C@@H]3OS(=O)(=O)O[C@@H]3CC[C@@]2(COS(N)(=O)=O)O1,22
CHEMBL3402247,130.6,IC50,=,CC1=CCC(C(=O)OCc2ccccc2)C(C(=O)NS(=O)(=O)c2ccc(C)cc2)C1,30
CHEMBL165939,131.0,Ki,=,NS(=O)(=O)N1CCCCCC1,11
CHEMBL6648,133.0,Ki,=,NS(=O)(=O)c1cccc2ccccc12,14
CHEMBL417648,133.0,Ki,=,NS(=O)(=O)c1ccc(NC(=O)C(F)(F)F)cc1,17
CHEMBL4447079,140.0,IC50,=,O=S(=O)(Oc1ccc(-c2ccc3occc3c2)cc1)c1ccc(F)cc1,26
CHEMBL2408089,141.0,IC50,=,Cc1ccc2oc(=O)c(/C=N/c3ccc(S(=O)(=O)Nc4nc(C)cc(C)n4)cc3)c(Cl)c2c1,33
CHEMBL4447505,142.48,IC50,=,NS(=O)(=O)c1cccc(NC(=S)NC(=O)c2ccc([N+](=O)[O-])cc2)c1,25
CHEMBL3402252,144.1,IC50,=,Cc1ccc(S(=O)(=O)NC(=O)C2CC(C)(O)C(O)CC2C(=O)O)cc1,25
CHEMBL161802,145.0,Ki,=,NS(=O)(=O)c1ccc(CNCc2cc(=O)oc3cc(Cl)ccc23)cc1,25
CHEMBL316576,145.0,Ki,=,Cc1cc(C)[n+](CC(=O)Nc2ccc(S(N)(=O)=O)cc2)c(C)c1.[O-][Cl+3]([O-])([O-])[O-],28
CHEMBL2336902,146.5,IC50,=,Nc1ccc(Nc2nnc(-c3cccc(S(N)(=O)=O)c3)c3ccccc23)cc1,28
CHEMBL170015,148.0,Ki,=,CCCCNS(N)(=O)=O,9
CHEMBL169370,148.0,Ki,=,NS(=O)(=O)N1CCCCC1,10
CHEMBL170085,150.0,Ki,=,Cc1cc(C)[n+](-c2ccc(S(N)(=O)=O)cc2)c(C)c1.[O-][Cl+3]([O-])([O-])[O-],24
CHEMBL141309,150.0,Ki,=,NS(=O)(=O)c1ccc(NS(=O)(=O)c2c(F)c(F)c(F)c(F)c2F)c(I)c1,26
CHEMBL343332,150.0,Ki,=,NS(=O)(=O)c1ccc(CCNS(=O)(=O)C(F)(F)C(F)(F)C(F)(F)C(F)(F)F)cc1,29
CHEMBL140221,150.0,Ki,=,NS(=O)(=O)c1ccc(CNS(=O)(=O)C(F)(F)C(F)(F)C(F)(F)C(F)(F)F)cc1,28
CHEMBL2392427,153.18,IC50,=,NS(=O)(=O)c1ccc(CCNCc2cccc3ccccc23)cc1,24
CHEMBL3402251,154.4,IC50,=,Cc1ccc(S(=O)(=O)NC(=O)C2CC(O)C(O)CC2C(=O)O)cc1,24
CHEMBL287145,155.0,Ki,=,NS(=O)(=O)c1cccc(NC(=O)CN(CCN(CCN(CC(=O)O)CC(=O)Nc2cccc(S(N)(=O)=O)c2)CC(=O)O)CC(=O)O)c1,47
CHEMBL3415381,156.0,IC50,=,CCN[C@H]1C[C@H](CO[N+](=O)[O-])S(=O)(=O)c2sc(S(N)(=O)=O)cc21,23
CHEMBL139563,156.0,Ki,=,NS(=O)(=O)c1ccc(NC(=O)c2c(F)c(F)c(F)c(F)c2F)c(Br)c1,25
CHEMBL7087,160.0,Ki,=,NCCc1ccc(S(N)(=O)=O)cc1,13
CHEMBL43047,160.0,IC50,=,CCCCCCC(N)c1csc(S(N)(=O)=O)c1,17
CHEMBL140379,160.0,Ki,=,NS(=O)(=O)c1ccc(NS(=O)(=O)C(F)(F)C(F)(F)C(F)(F)C(F)(F)F)cc1,27
CHEMBL2113715,160.0,Ki,=,NS(=O)(=O)c1cc(C(=O)N[C@H](C(=O)O)c2ccccc2)ccc1Cl,24
CHEMBL3415384,165.0,IC50,=,CCN[C@H]1CN(CCCO)S(=O)(=O)c2sc(S(N)(=O)=O)cc21,22
CHEMBL4584443,166.58,IC50,=,NS(=O)(=O)c1cccc(NC(=S)NC(=O)c2ccccc2)c1,22
CHEMBL419,170.0,Ki,=,NCc1ccc(S(N)(=O)=O)cc1,12
CHEMBL342668,170.0,Ki,=,NS(=O)(=O)c1cccc(NS(=O)(=O)C(F)(F)C(F)(F)C(F)(F)C(F)(F)F)c1,27
CHEMBL2408083,173.0,IC50,=,Cc1cc(C)nc(NS(=O)(=O)c2ccc(/N=C/c3c(Cl)c4cc(C(C)(C)C)cc(C(C)(C)C)c4oc3=O)cc2)n1,40
CHEMBL2408084,173.0,IC50,=,Cc1cc(NS(=O)(=O)c2ccc(/N=C/c3c(Cl)c4cc(C(C)(C)C)cc(C(C)(C)C)c4oc3=O)cc2)no1,38
CHEMBL35528,175.0,Ki,=,NS(=O)(=O)c1ccccc1NC(=O)CN(CCN(CCN(CC(=O)O)CC(=O)Nc1ccccc1S(N)(=O)=O)CC(=O)O)CC(=O)O,47
CHEMBL139549,180.0,Ki,=,NS(=O)(=O)c1ccc(NNS(=O)(=O)C(F)(F)C(F)(F)C(F)(F)C(F)(F)F)cc1,28
CHEMBL36525,180.0,Ki,=,NS(=O)(=O)c1cccc(NC(=O)CN(CCN(CCN(CC(=O)O)CC(=O)O)CC(=O)O)CC(=O)O)c1,37
CHEMBL144818,185.0,Ki,=,NS(=O)(=O)c1ccc(N=C=S)cc1,13
CHEMBL304744,190.0,IC50,=,NS(=O)(=O)CS(=O)(=O)CCCc1ccccc1,17
CHEMBL4750069,191.0,IC50,=,NS(=O)(=O)c1ccc(NC(=O)CSC(=S)N2CCN(c3ncccn3)CC2)cc1,29
CHEMBL4068479,198.0,IC50,=,C[C@]12CC[C@@H]3c4ccc(O)cc4CC[C@H]3[C@@H]1CC[C@@H]2OC(=O)[C@@H]1CCCN1c1ccc(S(N)(=O)=O)cc1,37
CHEMBL318047,200.0,Ki,=,Cc1cc(-c2ccccc2)cc(C)[n+]1CC(=O)Nc1cccc(S(N)(=O)=O)c1.[O-][Cl+3]([O-])([O-])[O-],33
CHEMBL68840,200.0,IC50,=,CCCCCCCCS(=O)(=O)C(Cl)(Cl)S(N)(=O)=O,18
CHEMBL289952,200.0,IC50,=,CCCCC(O[Si](C)(C)C(C)(C)C)c1csc(S(N)(=O)=O)c1,22
CHEMBL4086863,202.0,IC50,=,CC(C)[C@H](NC(=O)c1ccc(S(N)(=O)=O)cc1)C(=O)O[C@H]1CC[C@H]2[C@@H]3CCc4cc(O)ccc4[C@H]3CC[C@]12C,39
CHEMBL4085325,203.0,IC50,=,N[C@@H]1[C@@H](O)[C@H](O)[C@@H](CO)O[C@H]1NC(=S)Nc1ccc(S(N)(=O)=O)cc1,25
CHEMBL321586,205.0,Ki,=,CCc1cc(-c2ccccc2)cc(CC)[n+]1CC(=O)Nc1cccc(S(N)(=O)=O)c1.[O-][Cl+3]([O-])([O-])[O-],35
CHEMBL170588,210.0,Ki,=,Cc1cc(-c2ccccc2)cc(-c2ccccc2)[n+]1-c1ccc(S(N)(=O)=O)cc1.[O-][Cl+3]([O-])([O-])[O-],34
CHEMBL4102621,210.0,IC50,=,Cc1cc(C(=O)N2CCC[C@H]2C(=O)O[C@H]2CC[C@H]3[C@@H]4CCc5cc(O)ccc5[C@H]4CC[C@]23C)ccc1S(N)(=O)=O,40
CHEMBL3138487,210.0,Ki,=,C[C@H](CCC(=O)Nc1cccc(S(N)(=O)=O)c1)[C@H]1CC[C@H]2[C@@H]3CC[C@@H]4C[C@H](O)CC[C@]4(C)[C@H]3CC[C@]12C,37
CHEMBL289672,210.0,Ki,=,NS(=O)(=O)c1ccccc1NC(=O)CN(CCN(CCN(CC(=O)O)CC(=O)O)CC(=O)O)CC(=O)O,37
CHEMBL1276017,210.0,IC50,=,CCOC(=O)c1c(C(=O)Nc2nnc(S(N)(=O)=O)s2)nn(-c2cccc(NN=C(C(C)=O)C(C)=O)c2)c1-c1ccccc1,43
CHEMBL451547,210.0,IC50,=,Cc1c(S(N)(=O)=O)oc2cc(O)ccc12,15
CHEMBL297706,210.0,Ki,=,NS(=O)(=O)c1cc(C(=O)N[C@@H](Cc2c[nH]cn2)C(=O)O)ccc1Cl,24
CHEMBL283097,214.0,Ki,=,CCCCC(=O)Nc1ccc(S(N)(=O)=O)cc1,17
CHEMBL262389,215.0,Ki,=,NS(=O)(=O)c1ccc(NNC(=O)CN(CCN(CCN(CC(=O)O)CC(=O)NNc2ccc(S(N)(=O)=O)cc2)CC(=O)O)CC(=O)O)cc1,49
CHEMBL101174,215.0,Ki,=,Cc1cc(-c2ccccc2)cc(C)[n+]1CC(=O)Nc1ccccc1S(N)(=O)=O.[O-][Cl+3]([O-])([O-])[O-],33
CHEMBL2408090,217.0,IC50,=,Cc1ccc2oc(=O)c(/C=N/c3ccc(S(=O)(=O)Nc4cc(C)on4)cc3)c(Cl)c2c1,31
CHEMBL590825,220.0,IC50,=,NCc1ccccn1.NS(=O)(=O)c1cc(C(=O)O)c(Cl)cc1Cl,23
CHEMBL169820,220.0,Ki,=,CCc1cc(-c2ccccc2)cc(-c2ccccc2)[n+]1CCc1ccc(S(N)(=O)=O)cc1.[O-][Cl+3]([O-])([O-])[O-],37
CHEMBL109153,221.0,Ki,=,CCCC(CCC)C(=O)Nc1cccc(S(N)(=O)=O)c1,20
CHEMBL23591,227.0,Ki,=,CCCC(=O)Nc1ccc(S(N)(=O)=O)cc1,16
CHEMBL342038,230.0,Ki,=,NS(=O)(=O)c1ccc(NC(=O)c2c(F)c(F)c(F)c(F)c2F)c(I)c1,25
CHEMBL23285,230.0,Ki,=,CC(C)(C)C(=O)Nc1ccc(S(N)(=O)=O)cc1,17
CHEMBL99641,230.0,Ki,=,Cc1cc(-c2ccccc2)cc(C)[n+]1CC(=O)NNc1ccc(S(N)(=O)=O)cc1.[O-][Cl+3]([O-])([O-])[O-],34
CHEMBL278395,232.0,Ki,=,CCC(=O)Nc1ccc(S(N)(=O)=O)cc1,15
CHEMBL4100191,232.0,IC50,=,CC(C)(NC(=O)c1ccc(S(N)(=O)=O)cc1)C(=O)O[C@H]1CC[C@H]2[C@@H]3CCc4cc(O)ccc4[C@H]3CC[C@]12C,38
CHEMBL102793,235.0,Ki,=,CC(C)c1cc(-c2ccccc2)cc(C(C)C)[n+]1CC(=O)Nc1cccc(S(N)(=O)=O)c1.[O-][Cl+3]([O-])([O-])[O-],37
CHEMBL3237494,239.58,IC50,=,NS(=O)(=O)c1cccc(NC(=S)NC(=O)c2ccc(Cl)cc2)c1,23
CHEMBL25600,240.0,Ki,=,NS(=O)(=O)c1ccc(NC(=O)Nc2ccccc2)cc1,20
CHEMBL51456,240.0,Ki,=,NS(=O)(=O)c1cc(C(=O)NC(Cc2ccc(O)c(O)c2)C(=O)O)ccc1Cl,27
CHEMBL6852,240.0,Ki,=,Nc1cccc(S(N)(=O)=O)c1,11
CHEMBL111074,240.0,Ki,=,CCCC(CCC)C(=O)Nc1ccc(S(N)(=O)=O)cc1,20
CHEMBL103182,240.0,Ki,=,CCc1cc(-c2ccccc2)cc(CC)[n+]1CC(=O)Nc1ccccc1S(N)(=O)=O.[O-][Cl+3]([O-])([O-])[O-],35
CHEMBL687,246.0,Ki,=,CC(=O)Nc1ccc(S(N)(=O)=O)cc1,14
CHEMBL99958,250.0,Ki,=,Cc1cc(C)[n+](CC(=O)Nc2cccc(S(N)(=O)=O)c2)c(C)c1.[O-][Cl+3]([O-])([O-])[O-],28
CHEMBL186335,250.0,IC50,=,NS(=O)(=O)c1nc2ccc([N+](=O)[O-])cc2s1,16
CHEMBL4071193,250.0,IC50,=,C[C@]12CC[C@@H]3c4ccc(O)cc4CC[C@H]3[C@@H]1CC[C@@H]2OC(=O)[C@@H]1CCCN1C(=O)c1ccc(S(N)(=O)=O)nc1,39
CHEMBL155152,250.0,IC50,=,NS(=O)(=O)c1cc2c(s1)C(O)CC[S+]2[O-],15
CHEMBL4081744,250.0,IC50,=,C[C@]12CC[C@@H]3c4ccc(O)cc4CC[C@H]3[C@@H]1CC[C@@H]2OC(=O)[C@@H]1CCCN1C(=O)c1ccc(S(N)(=O)=O)o1,38
CHEMBL351692,250.0,Ki,=,NS(=O)(=O)c1cccc(NCc2cc(=O)oc3cc(Cl)ccc23)c1,24
CHEMBL286549,250.0,Ki,=,NS(=O)(=O)c1ccc(NNC(=O)CN(CCN(CCN(CC(=O)O)CC(=O)O)CC(=O)O)CC(=O)O)cc1,38
CHEMBL4064401,250.0,IC50,=,C[C@H](NC(=O)c1ccc(S(N)(=O)=O)cc1)C(=O)O[C@H]1CC[C@H]2[C@@H]3CCc4cc(O)ccc4[C@H]3CC[C@]12C,37
CHEMBL52542,250.0,Ki,=,NS(=O)(=O)c1cc(C(=O)N[C@@H](Cc2ccc(O)cc2)C(=O)O)ccc1Cl,26
CHEMBL140446,250.0,Ki,=,NS(=O)(=O)c1ccccc1NS(=O)(=O)C(F)(F)C(F)(F)C(F)(F)C(F)(F)F,27
CHEMBL299744,250.0,Ki,=,NS(=O)(=O)c1cc(C(=O)N[C@@H](Cc2ccccc2)C(=O)O)ccc1Cl,25
CHEMBL325321,255.0,Ki,=,CCCC(CCC)C(=O)Nc1ccccc1S(N)(=O)=O,20
CHEMBL23417,258.0,Ki,=,CC(C)C(=O)Nc1ccc(S(N)(=O)=O)cc1,16
CHEMBL21,260.0,IC50,=,Nc1ccc(S(N)(=O)=O)cc1,11
CHEMBL1276019,260.0,IC50,=,CCOC(=O)c1c(C(=O)Nc2nnc(S(N)(=O)=O)s2)nn(-c2cccc(NN=C(C(=O)c3ccccc3)C(=O)c3ccccc3)c2)c1-c1ccccc1,53
CHEMBL158660,270.0,Ki,=,NS(=O)(=O)c1ccccc1NCc1cc(=O)oc2cc(Cl)ccc12,24
CHEMBL169903,270.0,Ki,=,CCCc1cc(-c2ccccc2)cc(-c2ccccc2)[n+]1CCc1ccc(S(N)(=O)=O)cc1.[O-][Cl+3]([O-])([O-])[O-],38
CHEMBL100873,275.0,Ki,=,CC(C)c1cc(-c2ccccc2)cc(C(C)C)[n+]1CC(=O)Nc1ccccc1S(N)(=O)=O.[O-][Cl+3]([O-])([O-])[O-],37
CHEMBL295779,275.0,Ki,=,NC(=O)C[C@H](NC(=O)c1ccc(Cl)c(S(N)(=O)=O)c1)C(=O)O,22
CHEMBL3137798,275.0,Ki,=,C[C@H](CCC(=O)Nc1ccccc1S(N)(=O)=O)[C@H]1CC[C@H]2[C@@H]3[C@H](O)C[C@@H]4C[C@H](O)CC[C@]4(C)[C@H]3C[C@H](O)[C@]12C,39
CHEMBL171095,275.0,Ki,=,CC(C)(C)c1cc(-c2ccccc2)cc(-c2ccccc2)[n+]1CCc1ccc(S(N)(=O)=O)cc1.[O-][Cl+3]([O-])([O-])[O-],39
CHEMBL162021,275.0,Ki,=,NS(=O)(=O)c1ccc(NNCc2cc(=O)oc3cc(Cl)ccc23)cc1,25
CHEMBL3237492,276.83,IC50,=,NS(=O)(=O)c1cccc(NC(=S)NC(=O)c2ccccc2Cl)c1,23
CHEMBL301071,280.0,Ki,=,CC[C@H](C)[C@H](NC(=O)c1ccc(Cl)c(S(N)(=O)=O)c1)C(=O)O,22
CHEMBL103346,280.0,Ki,=,Cc1cc(C)[n+](CC(=O)Nc2ccccc2S(N)(=O)=O)c(C)c1.[O-][Cl+3]([O-])([O-])[O-],28
CHEMBL175786,280.0,IC50,=,NS(=O)(=O)OCC1Oc2ccccc2O1,15
CHEMBL4073866,290.0,IC50,=,C[C@]12CC[C@@H]3c4ccc(O)cc4CC[C@H]3[C@@H]1CC[C@@H]2OC(=O)[C@@H]1CCCN1C(=O)c1ccc(-c2ccc(S(N)(=O)=O)cc2)cc1,45
CHEMBL425287,290.0,IC50,=,CCc1cc2c(cc1OS(N)(=O)=O)CC[C@@H]1[C@@H]2CC[C@]2(C)[C@@H](OS(N)(=O)=O)CC[C@@H]12,30
CHEMBL51416,290.0,Ki,=,NS(=O)(=O)c1cc(C(=O)N[C@@H](CO)C(=O)O)ccc1Cl,20
CHEMBL186636,290.0,IC50,=,N/C(S)=N/Nc1ccc(S(N)(=O)=O)cc1,15
CHEMBL320840,290.0,Ki,=,CCc1cc(-c2ccccc2)cc(CC)[n+]1CC(=O)NNc1ccc(S(N)(=O)=O)cc1.[O-][Cl+3]([O-])([O-])[O-],36
CHEMBL6705,295.0,Ki,=,Nc1ccccc1S(N)(=O)=O,11
CHEMBL316875,300.0,Ki,=,CC(C)c1cc(-c2ccccc2)cc(C(C)C)[n+]1CC(=O)NNc1ccc(S(N)(=O)=O)cc1.[O-][Cl+3]([O-])([O-])[O-],38
CHEMBL322581,300.0,Ki,=,CCCC(CCC)C(=O)NNc1ccc(S(N)(=O)=O)cc1,21
CHEMBL4083620,300.0,IC50,=,C[C@]12CC[C@@H]3c4ccc(O)cc4CC[C@H]3[C@@H]1CC[C@@H]2OC(=O)[C@@H]1CCCN1C(=O)c1cccc(S(N)(=O)=O)c1,39
CHEMBL50881,300.0,Ki,=,NS(=O)(=O)c1cc(C(=O)N[C@@H](CC(=O)O)C(=O)O)ccc1Cl,22
CHEMBL51787,305.0,Ki,=,CC(C)C[C@H](NC(=O)c1ccc(Cl)c(S(N)(=O)=O)c1)C(=O)O,22
CHEMBL50195,305.0,Ki,=,NC(=O)CC[C@H](NC(=O)c1ccc(Cl)c(S(N)(=O)=O)c1)C(=O)O,23
CHEMBL2170080,310.0,IC50,=,O=C(NCCCCCNS(=O)(=O)c1ccc(Oc2ccccc2)cc1)P(=O)(O)O,29
CHEMBL4469527,310.0,IC50,=,CCCS(=O)(=O)Oc1ccc(-c2ccc3sccc3c2)cc1,22
CHEMBL172567,314.0,Ki,=,CCc1cc(-c2ccccc2)cc(-c2ccccc2)[n+]1Cc1ccc(S(N)(=O)=O)cc1.[O-][Cl+3]([O-])([O-])[O-],36
CHEMBL100580,320.0,Ki,=,Cc1cc(C)[n+](CC(=O)NNc2ccc(S(N)(=O)=O)cc2)c(C)c1.[O-][Cl+3]([O-])([O-])[O-],29
CHEMBL1095856,321.0,IC50,=,CCNCc1cc(S(N)(=O)=O)cnc1Sc1ccc(F)c(F)c1,23
CHEMBL168383,321.0,Ki,=,CC(C)(C)c1cc(-c2ccccc2)cc(-c2ccccc2)[n+]1Cc1ccc(S(N)(=O)=O)cc1.[O-][Cl+3]([O-])([O-])[O-],38
CHEMBL4094577,325.0,IC50,=,C[C@@H](C(=O)O[C@H]1CC[C@H]2[C@@H]3CCc4cc(O)ccc4[C@H]3CC[C@]12C)N(C)C(=O)c1ccc(S(N)(=O)=O)cc1,38
CHEMBL51575,330.0,Ki,=,CC(C)[C@H](NC(=O)c1ccc(Cl)c(S(N)(=O)=O)c1)C(=O)O,21
CHEMBL549757,331.0,IC50,=,C#CCNc1nc(Nc2ccc(S(N)(=O)=O)cc2)ncc1Br,22
CHEMBL48857,340.0,Ki,=,NS(=O)(=O)c1cc(C(=O)N[C@@H](CCC(=O)O)C(=O)O)ccc1Cl,23
CHEMBL1276018,340.0,IC50,=,CCOC(=O)c1c(C(=O)Nc2nnc(S(N)(=O)=O)s2)nn(-c2cccc(N/N=C(\C(C)=O)C(=O)c3ccccc3)c2)c1-c1ccccc1,48
CHEMBL352768,350.0,Ki,=,CC(C)c1cc(-c2ccccc2)cc(-c2ccccc2)[n+]1CCc1ccc(S(N)(=O)=O)cc1.[O-][Cl+3]([O-])([O-])[O-],38
CHEMBL169617,370.0,Ki,=,CC(C)c1cc(-c2ccccc2)cc(-c2ccccc2)[n+]1Cc1ccc(S(N)(=O)=O)cc1.[O-][Cl+3]([O-])([O-])[O-],37
CHEMBL372231,376.0,IC50,=,COc1cc2c(cc1OS(N)(=O)=O)CC[C@@H]1[C@@H]2CC[C@]2(C)C(=O)CC[C@@H]12,26
CHEMBL218382,379.0,IC50,=,COc1cc2c(cc1OS(N)(=O)=O)CC[C@@H]1[C@@H]2CC[C@]2(C)[C@@H](OS(N)(=O)=O)CC[C@@H]12,30
CHEMBL120886,380.0,IC50,=,NS(=O)(=O)c1cc(C(=O)O)c(Cl)cc1Cl,15
CHEMBL436400,385.0,Ki,=,NS(=O)(=O)c1ccc(CCOS(=O)(=O)C(F)(F)C(F)(F)C(F)(F)C(F)(F)F)cc1,29
CHEMBL1095882,386.0,IC50,=,COCCCNCc1cc(S(N)(=O)=O)cnc1Sc1ccc(F)c(F)c1,26
CHEMBL353693,390.0,Ki,=,CCCc1cc(-c2ccccc2)cc(-c2ccccc2)[n+]1Cc1ccc(S(N)(=O)=O)cc1.[O-][Cl+3]([O-])([O-])[O-],37
CHEMBL170151,400.0,Ki,=,CCc1cc(-c2ccccc2)cc(-c2ccccc2)[n+]1-c1ccc(S(N)(=O)=O)cc1.[O-][Cl+3]([O-])([O-])[O-],35
CHEMBL51437,400.0,Ki,=,NS(=O)(=O)c1cc(C(=O)NCCCC(=O)O)ccc1Cl,20
CHEMBL282157,400.0,IC50,=,NS(=O)(=O)c1ccc([N+](=O)[O-])cc1,13
CHEMBL67154,400.0,IC50,=,NS(=O)(=O)CS(=O)(=O)c1ccc(O)cc1,15
CHEMBL3604467,403.0,IC50,=,C[C@@H](O)[C@@H](C)Nc1nc(Nc2ccc([S+](N)[O-])cc2)ncc1Br,23
CHEMBL141618,410.0,Ki,=,NS(=O)(=O)c1ccc(CCOC(=O)C(F)(F)C(F)(F)C(F)(F)C(F)(F)C(F)(F)C(F)(F)C(F)(F)C(F)(F)F)cc1,40
CHEMBL4554647,410.0,IC50,=,O=S(=O)(Oc1ccc(-c2ccc3occc3c2)cc1)c1ccccc1,25
CHEMBL51213,410.0,Ki,=,CSCC[C@H](NC(=O)c1ccc(Cl)c(S(N)(=O)=O)c1)C(=O)O,22
CHEMBL367035,410.0,IC50,=,NS(=O)(=O)c1cccc([N+](=O)[O-])c1,13
CHEMBL354732,419.0,Ki,=,NS(=O)(=O)c1ccc(CC[n+]2c(-c3ccccc3)cc(-c3ccccc3)cc2-c2ccccc2)cc1.[O-][Cl+3]([O-])([O-])[O-],41
CHEMBL354197,420.0,Ki,=,NS(=O)(=O)c1ccc(CC[n+]2c(-c3ccccc3)cccc2-c2ccccc2)cc1.[O-][Cl+3]([O-])([O-])[O-],35
CHEMBL51725,420.0,Ki,=,C[C@H](NC(=O)c1ccc(Cl)c(S(N)(=O)=O)c1)C(=O)O,19
CHEMBL141049,425.0,Ki,=,NS(=O)(=O)c1ccc(NS(=O)(=O)C(F)(F)C(F)(F)C(F)(F)C(F)(F)F)c(Cl)c1,28
CHEMBL142067,430.0,Ki,=,NS(=O)(=O)c1cc(S(N)(=O)=O)c(NS(=O)(=O)C(F)(F)F)c(Cl)c1Cl,24
CHEMBL170145,440.0,Ki,=,CC(C)c1cc(-c2ccccc2)cc(-c2ccccc2)[n+]1-c1ccc(S(N)(=O)=O)cc1.[O-][Cl+3]([O-])([O-])[O-],36
CHEMBL341600,440.0,Ki,=,NS(=O)(=O)c1ccc(CCOS(=O)(=O)C(F)(F)C(F)(F)C(F)(F)C(F)(F)C(F)(F)C(F)(F)C(F)(F)C(F)(F)F)cc1,41
CHEMBL297892,450.0,Ki,=,NS(=O)(=O)c1cc(C(=O)NCC(=O)O)ccc1Cl,18
CHEMBL352592,450.0,Ki,=,NS(=O)(=O)NC1CCCCC1,11
CHEMBL1276016,450.0,IC50,=,CCOC(=O)c1c(C(=O)Nc2nnc(S(N)(=O)=O)s2)nn(-c2cccc(/N=N/c3ccc(O)cc3)c2)c1-c1ccccc1,43
CHEMBL48697,450.0,Ki,=,NS(=O)(=O)c1cc(C(=O)NCCC(=O)O)ccc1Cl,19
CHEMBL2336904,455.1,IC50,=,NS(=O)(=O)c1ccc(Nc2nnc(-c3cccc(S(N)(=O)=O)c3)c3ccccc23)cc1,31
CHEMBL344237,460.0,Ki,=,NS(=O)(=O)c1ccc(COS(=O)(=O)C(F)(F)C(F)(F)C(F)(F)C(F)(F)F)cc1,28
CHEMBL355309,472.0,Ki,=,NS(=O)(=O)c1ccc(C[n+]2c(-c3ccccc3)cc(-c3ccccc3)cc2-c2ccccc2)cc1.[O-][Cl+3]([O-])([O-])[O-],40
CHEMBL66465,480.0,IC50,=,CCCCCCCCSCS(N)(=O)=O,14
CHEMBL344181,485.0,Ki,=,NS(=O)(=O)c1ccc(NS(=O)(=O)C(F)(F)C(F)(F)C(F)(F)C(F)(F)F)c(Br)c1,28
CHEMBL51517,490.0,Ki,=,NS(=O)(=O)c1cc(C(=O)N[C@@H](CS)C(=O)O)ccc1Cl,20
CHEMBL168431,493.0,Ki,=,NS(=O)(=O)c1ccc(C[n+]2c(-c3ccccc3)cccc2-c2ccccc2)cc1.[O-][Cl+3]([O-])([O-])[O-],34
CHEMBL4517453,500.0,IC50,=,Cc1ccc(S(=O)(=O)Oc2ccc(-c3ccc4occc4c3)cc2)cc1,26
CHEMBL3746142,500.0,IC50,=,NC(=O)c1c(Nc2ccc(I)cc2F)cc(F)cc1Oc1ccccc1NS(N)(=O)=O,31
CHEMBL140486,500.0,Ki,=,NS(=O)(=O)c1ccc(NS(=O)(=O)C(F)(F)F)c(F)c1,19
CHEMBL4059816,500.0,IC50,=,C[C@]12CC[C@@H]3c4ccc(O)cc4CC[C@H]3[C@@H]1CC[C@@H]2OC(=O)[C@@H]1CCCN1C(=O)Cc1ccc(S(N)(=O)=O)cc1,40
CHEMBL3291010,504.0,IC50,=,O=P(O)(O)C(NS(=O)(=O)c1ccc(-c2cccs2)cc1)P(=O)(O)O,24
CHEMBL171221,510.0,Ki,=,NS(=O)(=O)c1ccc(-[n+]2c(-c3ccccc3)cc(-c3ccccc3)cc2-c2ccccc2)cc1.[O-][Cl+3]([O-])([O-])[O-],39
CHEMBL3604466,514.0,IC50,=,C[C@H](CO)Nc1nc(Nc2ccc([S+](N)[O-])cc2)ncc1Br,22
CHEMBL51143,520.0,Ki,=,C[C@@H](O)[C@H](NC(=O)c1ccc(Cl)c(S(N)(=O)=O)c1)C(=O)O,21
CHEMBL374721,526.0,IC50,=,COc1cc2c(cc1O)CC[C@@H]1[C@@H]2CC[C@]2(C)[C@@H](OS(N)(=O)=O)CC[C@@H]12,26
CHEMBL2376666,530.0,IC50,=,NC(=O)c1c(Nc2ccc(I)cc2F)cc(F)cc1Oc1cccc(NS(N)(=O)=O)c1,31
CHEMBL342390,540.0,Ki,=,NS(=O)(=O)c1ccc(COS(=O)(=O)C(F)(F)C(F)(F)C(F)(F)C(F)(F)C(F)(F)C(F)(F)C(F)(F)C(F)(F)F)cc1,40
CHEMBL366948,544.0,Ki,=,CCCCc1cc(-c2ccccc2)cc(-c2ccccc2)[n+]1CCc1ccc(S(N)(=O)=O)cc1.[O-][Cl+3]([O-])([O-])[O-],39
CHEMBL2336905,547.0,IC50,=,Cc1ccc(-c2nnc(Nc3ccc(S(N)(=O)=O)cc3)c3ccccc23)cc1S(N)(=O)=O,32
CHEMBL140820,550.0,Ki,=,NS(=O)(=O)c1ccc(CCOS(=O)(=O)C(F)(F)F)cc1,20
CHEMBL138309,550.0,Ki,=,NS(=O)(=O)c1ccc(COC(=O)C(F)(F)C(F)(F)C(F)(F)C(F)(F)C(F)(F)C(F)(F)C(F)(F)C(F)(F)F)cc1,39
CHEMBL139700,550.0,Ki,=,NS(=O)(=O)c1ccc(NS(=O)(=O)C(F)(F)C(F)(F)C(F)(F)C(F)(F)C(F)(F)C(F)(F)C(F)(F)C(F)(F)F)c(Cl)c1,40
CHEMBL444683,550.0,IC50,=,CC(=O)C(/N=N/c1cccc(-n2nc(C(=O)Nc3nnc(S(N)(=O)=O)s3)c(C(=O)c3ccccc3)c2-c2ccccc2)c1)C(=O)c1ccccc1,51
CHEMBL171625,580.0,Ki,=,CCCc1cc(-c2ccccc2)cc(-c2ccccc2)[n+]1-c1ccc(S(N)(=O)=O)cc1.[O-][Cl+3]([O-])([O-])[O-],36
CHEMBL2170078,580.0,IC50,=,O=C(NCCCNS(=O)(=O)c1ccc(Oc2ccccc2)cc1)P(=O)(O)O,27
CHEMBL574,580.0,IC50,=,Cc1ccc(S(N)(=O)=O)cc1,11
CHEMBL1276020,590.0,IC50,=,CCOC(=O)/C(=N/Nc1cccc(-n2nc(C(=O)Nc3nnc(S(N)(=O)=O)s3)c(C(=O)OCC)c2-c2ccccc2)c1)C(=O)c1ccccc1,50
CHEMBL44238,590.0,IC50,=,CCCCNC(C)c1csc(S(N)(=O)=O)c1,16
CHEMBL170041,595.0,Ki,=,CCCCc1cc(-c2ccccc2)cc(-c2ccccc2)[n+]1Cc1ccc(S(N)(=O)=O)cc1.[O-][Cl+3]([O-])([O-])[O-],38
CHEMBL139023,600.0,Ki,=,NS(=O)(=O)c1ccc(CCNS(=O)(=O)C(F)(F)F)cc1,20
CHEMBL2172745,610.0,IC50,=,O=C(NCCNC(=O)P(=O)(O)O)c1ccc(Oc2ccccc2)cc1,25
CHEMBL446175,620.0,Ki,=,CCCCc1cc(-c2ccccc2)cc(-c2ccccc2)[n+]1-c1ccc(S(N)(=O)=O)cc1.[O-][Cl+3]([O-])([O-])[O-],37
CHEMBL42080,626.0,IC50,=,CCCCC(N)c1csc(S(N)(=O)=O)c1,15
CHEMBL355349,647.0,Ki,=,NS(=O)(=O)N(Cc1ccccc1)Cc1ccccc1,19
CHEMBL141478,650.0,Ki,=,NS(=O)(=O)c1ccc(NS(=O)(=O)C(F)(F)C(F)(F)C(F)(F)C(F)(F)F)c(I)c1,28
CHEMBL2392431,670.72,IC50,=,COc1ccc(Cl)cc1CNCCc1ccc(S(N)(=O)=O)cc1,23
CHEMBL1055,677.0,IC50,=,NS(=O)(=O)c1cc(C2(O)NC(=O)c3ccccc32)ccc1Cl,22
CHEMBL140643,680.0,Ki,=,NS(=O)(=O)c1ccc(NS(=O)(=O)C(F)(F)C(F)(F)C(F)(F)C(F)(F)C(F)(F)C(F)(F)C(F)(F)C(F)(F)F)c(Br)c1,40
CHEMBL319437,700.0,IC50,=,COC(=O)c1cc(S(N)(=O)=O)ccc1SCCCO,19
CHEMBL3747256,700.0,IC50,=,Cc1c(NS(N)(=O)=O)cccc1Oc1cc(F)cc(Nc2ccc(I)cc2F)c1C(N)=O,32
CHEMBL3747359,700.0,IC50,=,NC(=O)c1c(Nc2ccc(I)cc2F)cc(F)cc1Oc1cccc(NS(N)(=O)=O)c1Cl,32
CHEMBL1375,720.0,IC50,=,O=C(O)c1cc(Cl)ccc1O,11
CHEMBL336691,730.0,Ki,=,NS(=O)(=O)c1ccc(NS(=O)(=O)C(F)(F)F)c(Cl)c1,19
CHEMBL2298035,749.28,IC50,=,NS(=O)(=O)c1ccc(NC(=S)NC(=O)c2ccc([N+](=O)[O-])cc2)cc1,25
CHEMBL335353,755.0,Ki,=,NS(=O)(=O)c1ccc(NS(=O)(=O)C(F)(F)C(F)(F)C(F)(F)C(F)(F)C(F)(F)C(F)(F)C(F)(F)C(F)(F)F)c(I)c1,40
CHEMBL69902,800.0,IC50,=,COc1ccc2c(c1)S(=O)(=O)C(S(N)(=O)=O)C2,17
CHEMBL2392434,808.81,IC50,=,CC1=NN(c2cccc(S(N)(=O)=O)c2)C(=O)C1,17
CHEMBL2170077,820.0,IC50,=,O=C(NCCNS(=O)(=O)c1ccc(Oc2ccccc2)cc1)P(=O)(O)O,26
CHEMBL419006,844.0,Ki,=,CCCC(CCC)C(=O)OCCc1ccc(S(N)(=O)=O)cc1,22
CHEMBL4759737,857.0,IC50,=,NS(=O)(=O)c1ccc(NC(=O)CSC(=S)N2CCN(C(=O)c3ccco3)CC2)cc1,30
CHEMBL355555,890.0,Ki,=,NS(=O)(=O)NC1C2CC3CC(C2)CC1C3,15
CHEMBL316814,900.0,IC50,=,NS(=O)(=O)c1ccc(S(=O)(=O)CCCO)c(C(=O)O)c1,20
CHEMBL4538894,908.13,IC50,=,COc1ccc(C(=O)NC(=S)Nc2cccc(S(N)(=O)=O)c2)cc1,24
CHEMBL3237495,949.64,IC50,=,NS(=O)(=O)c1cccc(NC(=S)NC(=O)c2ccc(Cl)cc2Cl)c1,24
CHEMBL408,970.0,IC50,=,Cc1c(C)c2c(c(C)c1O)CCC(C)(COc1ccc(CC3SC(=O)NC3=O)cc1)O2,31
CHEMBL4557523,1040.0,IC50,=,CNS(=O)(=O)Oc1ccc(-c2ccc3occc3c2)cc1,21
CHEMBL138115,1040.0,Ki,=,NS(=O)(=O)c1ccc(NS(=O)(=O)C(F)(F)F)c(Br)c1,19
CHEMBL1200679,1159.0,IC50,=,[Cl-].[Cl-].[Zn+2],3
CHEMBL66752,1200.0,IC50,=,NS(=O)(=O)CSCCCc1ccccc1,15
CHEMBL440336,1200.0,Ki,=,O=S(=O)(O)NS(=O)(=O)c1c(F)c(F)c(F)c(F)c1F,19
CHEMBL4532237,1210.0,IC50,=,CNS(=O)(=O)Oc1ccc(-c2ccc3sccc3c2)cc1,21
CHEMBL4533978,1230.0,IC50,=,CN(C)S(=O)(=O)Oc1ccc(-c2ccc3occc3c2)cc1,22
CHEMBL2376667,1300.0,IC50,=,NC(=O)c1c(Nc2ccc(I)cc2F)cc(F)cc1Oc1cccc(CS(N)(=O)=O)c1,31
CHEMBL66129,1300.0,IC50,=,COCCOCCOCS(=O)(=O)CS(N)(=O)=O,17
CHEMBL336247,1300.0,Ki,=,NS(=O)(=O)c1ccc(NS(=O)(=O)C(F)(F)F)c(I)c1,19
CHEMBL4576825,1300.0,IC50,=,CCS(=O)(=O)Oc1ccc(-c2ccc3sccc3c2)cc1,21
CHEMBL4476741,1320.0,IC50,=,NS(=O)(=O)Oc1ccc(-c2ccc3sccc3c2)cc1,20
CHEMBL2172751,1320.0,IC50,=,N[C@@H]1CCCC[C@@H]1NC(=O)P(=O)(O)O,14
CHEMBL3291009,1410.0,IC50,=,O=P(O)(O)C(NS(=O)(=O)c1ccc(-c2ccccc2)cc1)P(=O)(O)O,25
CHEMBL4540118,1490.0,IC50,=,O=S(=O)(Oc1ccc(-c2ccc3sccc3c2)cc1)c1ccccc1,25
CHEMBL408967,1500.0,IC50,=,COc1cc2c(cc1OS(N)(=O)=O)CC[C@@H]1[C@@H]2CC[C@]2(C)[C@@H](CC#N)CC[C@@H]12,28
CHEMBL4591628,1500.0,IC50,=,CS(=O)(=O)Oc1ccc(-c2ccc3sccc3c2)cc1,20
CHEMBL513141,1590.0,IC50,=,Nc1ccc(-n2nc(C(=O)Nc3nnc(S(N)(=O)=O)s3)c(C(=O)c3ccccc3)c2-c2ccccc2)cc1,38
CHEMBL4561046,1600.0,IC50,=,CCS(=O)(=O)Oc1ccc(-c2ccc3occc3c2)cc1,21
CHEMBL4448898,1620.0,IC50,=,CCCS(=O)(=O)Oc1ccc(-c2ccc3occc3c2)cc1,22
CHEMBL442687,1770.0,IC50,=,O=c1oc2cc(O)ccc2s1,11
CHEMBL3291007,1830.0,IC50,=,O=[N+]([O-])c1ccc(S(=O)(=O)NC(P(=O)(O)O)P(=O)(O)O)cc1,22
CHEMBL4639923,1880.0,IC50,=,COc1cc(/C=C/C(=O)O)ccc1OCc1cn(-c2ccc(Cl)cc2)nn1,27
CHEMBL4642019,1990.0,IC50,=,COc1cc(/C=C/C(=O)O)ccc1OCc1cn(-c2ccc(C(=O)O)cc2)nn1,29
CHEMBL4640224,1990.0,IC50,=,COc1cc(/C=C/C(=O)O)ccc1OCc1cn(-c2cccc([N+](=O)[O-])c2)nn1,29
CHEMBL66513,2000.0,IC50,=,NS(=O)(=O)CSCCc1ccccc1,14
CHEMBL4640484,2100.0,IC50,=,COc1cc(/C=C/C(=O)O)ccc1OCc1cn(-c2cccc(C)c2)nn1,27
CHEMBL4528023,2100.0,IC50,=,O=S(=O)(Oc1ccc(-c2ccc3sccc3c2)cc1)c1ccc(F)cc1,26
CHEMBL4592008,2130.0,IC50,=,CS(=O)(=O)Oc1ccc(-c2ccc3occc3c2)cc1,20
CHEMBL3746031,2200.0,IC50,=,NC(=O)c1c(Oc2cccc(CS(N)(=O)=O)c2)cc(F)c(F)c1Nc1ccc(I)cc1F,32
CHEMBL69113,2500.0,IC50,=,CCCCCCCCS(=O)(=O)C(C)S(N)(=O)=O,17
CHEMBL4441746,2600.0,IC50,=,NS(=O)(=O)Oc1ccc(-c2ccc3occc3c2)cc1,20
CHEMBL513840,2600.0,IC50,=,Nc1cccc(-n2nc(C(=O)Nc3nnc(S(N)(=O)=O)s3)c(C(=O)c3ccccc3)c2-c2ccccc2)c1,38
CHEMBL3291011,2660.0,IC50,=,O=P(O)(O)C(NS(=O)(=O)c1ccc(-c2ccc(Cl)cc2)cc1)P(=O)(O)O,26
CHEMBL898,2700.0,IC50,=,O=C(O)c1cc(-c2ccc(F)cc2F)ccc1O,18
CHEMBL1098816,2710.0,IC50,=,CN(C)CCNC(=O)c1cc(S(N)(=O)=O)cnc1Sc1ccccc1,25
CHEMBL4636417,2780.0,IC50,=,COc1cc(/C=C/C(=O)O)ccc1OCc1cn(-c2ccc([N+](=O)[O-])cc2)nn1,29
CHEMBL4632515,2780.0,IC50,=,COc1cc(/C=C/C(=O)O)ccc1OCc1cn(-c2ccccc2[N+](=O)[O-])nn1,29
CHEMBL447810,2800.0,IC50,=,O=C(O)c1c(O)cc([N+](=O)[O-])cc1[N+](=O)[O-],16
CHEMBL3746923,2800.0,IC50,=,NC(=O)c1c(Nc2ccc(I)cc2F)cc(F)cc1Oc1cccc(CNS(N)(=O)=O)c1,32
CHEMBL69926,2900.0,IC50,=,NS(=O)(=O)CSc1ccc(O)cc1,13
CHEMBL3290058,3220.0,IC50,=,N#Cc1cc2ccccc2ccc1=O,14
CHEMBL4467499,3300.0,IC50,=,Cc1ccc(S(=O)(=O)Oc2ccc(-c3ccc4sccc4c3)cc2)cc1,26
CHEMBL4642730,3560.0,IC50,=,COc1cc(/C=C/C(=O)O)ccc1OCc1cn(-c2ccc(C)cc2)nn1,27
CHEMBL363086,3600.0,IC50,=,N#CSc1ccc(S(N)(=O)=O)cc1,13
CHEMBL4641693,3620.0,IC50,=,COc1cccc(-n2cc(COc3ccc(/C=C/C(=O)O)cc3OC)nn2)c1,28
CHEMBL2019140,3620.0,IC50,=,Nc1oc2ccc(Cl)cc2c(=O)c1-c1ccc(Cl)cc1,20
CHEMBL287486,3623.0,IC50,=,Cc1ccc(S(=O)(=O)NCC(=O)O)cc1,15
CHEMBL3290057,3640.0,IC50,=,N#Cc1cccc2ccccc2c1=O,14
CHEMBL2019143,3660.0,IC50,=,COc1ccc(-c2c(N)oc3ccc(Cl)cc3c2=O)cc1,21
CHEMBL1084919,3700.0,IC50,=,NS(=O)(=O)NCc1csc2cccc(Br)c12,16
CHEMBL3290059,3740.0,IC50,=,N#Cc1ccc2ccccc2c(=O)c1,14
CHEMBL3747368,3800.0,IC50,=,NC(=O)c1c(Nc2ccc(I)cc2F)cc(F)cc1Oc1ccc(F)c(NS(N)(=O)=O)c1,32
CHEMBL331715,3800.0,IC50,=,O=C(NO)C(F)(F)F,8
CHEMBL3290056,3820.0,IC50,=,N#Cc1ccc(=O)c2ccccc2c1,14
CHEMBL3291008,3820.0,IC50,=,O=[N+]([O-])c1cccc(S(=O)(=O)NC(P(=O)(O)O)P(=O)(O)O)c1,22
CHEMBL2392430,3873.0,IC50,=,NS(=O)(=O)c1cccc(NS(=O)(=O)c2ccc3c4c(cccc24)C(=O)N3)c1,27
CHEMBL121,4069.0,IC50,=,CN(CCOc1ccc(CC2SC(=O)NC2=O)cc1)c1ccccn1,25
CHEMBL3290055,4070.0,IC50,=,N#CC1=Cc2ccccc2CC=C1,13
CHEMBL4635469,4220.0,IC50,=,COc1cc(/C=C/C(=O)O)ccc1OCc1cn(-c2ccccc2C)nn1,27
CHEMBL750,4300.0,Ki,=,NS(=O)(=O)Cc1noc2ccccc12,14
CHEMBL3290054,4380.0,IC50,=,N#CC1=CCc2ccccc2C=C1,13
CHEMBL421,4490.0,IC50,=,O=C(O)c1cc(/N=N/c2ccc(S(=O)(=O)Nc3ccccn3)cc2)ccc1O,28
CHEMBL3746559,4600.0,IC50,=,NC(=O)c1c(Oc2ccc(F)c(NS(N)(=O)=O)c2)cc(F)c(F)c1Nc1ccc(I)cc1F,33
CHEMBL4098852,5000.0,IC50,=,C[C@]12CC[C@@H]3c4ccc(O)cc4CC[C@H]3[C@@H]1CC[C@@H]2OC(=O)[C@@H]1CCCN1C(=O)c1ccc(S(N)(=O)=O)cn1,39
CHEMBL3092995,5000.0,IC50,=,NS(=O)(=O)NC[C@H]1COc2cc(Cl)ccc2O1,17
CHEMBL138972,5000.0,Ki,=,NS(=O)(=O)c1ccc(CNS(=O)(=O)C(F)(F)F)cc1,19
CHEMBL3746640,5000.0,IC50,=,NC(=O)c1c(Oc2cccc(CNS(N)(=O)=O)c2)cc(F)c(F)c1Nc1ccc(I)cc1F,33
CHEMBL1098526,5000.0,IC50,>,NS(=O)(=O)c1ccc(S(=O)(=O)c2ccccc2)c(C(=O)NCc2ccccc2)c1,29
CHEMBL142078,5100.0,Ki,=,NS(=O)(=O)c1ccc(COS(=O)(=O)C(F)(F)F)cc1,19
CHEMBL1382128,5100.0,IC50,=,Cc1ccc(S(=O)(=O)Nc2ccccc2-c2ccccc2)cc1,23
CHEMBL4641337,5230.0,IC50,=,COc1cc(/C=C/C(=O)O)ccc1OCc1cn(-c2ccccc2OC)nn1,28
CHEMBL4635834,5230.0,IC50,=,COc1ccc(-n2cc(COc3ccc(/C=C/C(=O)O)cc3OC)nn2)cc1,28
CHEMBL4463041,5820.0,IC50,=,CN(C)S(=O)(=O)Oc1ccc(-c2ccc3sccc3c2)cc1,22
CHEMBL1163554,6030.0,IC50,=,Cc1ccc(S(=O)(=O)N2C(=O)C=CC2O)cc1,17
CHEMBL3291001,6160.0,IC50,=,O=P(O)(O)C(NS(=O)(=O)c1ccc(Cl)cc1)P(=O)(O)O,20
CHEMBL32749,6440.0,IC50,=,COc1cc(/C=C/C(=O)O)ccc1O,14
CHEMBL2019153,6440.0,IC50,=,Nc1[nH]c2cc(Cl)ccc2c(=O)c1-c1ccccc1,19
CHEMBL2019142,6510.0,IC50,=,COc1ccc(-c2c(N)oc3ccccc3c2=O)cc1,20
CHEMBL4641975,6640.0,IC50,=,COc1cc(/C=C/C(=O)O)ccc1OCc1cn(-c2ccc(F)cc2)nn1,27
CHEMBL1621411,6672.0,IC50,=,Cc1ccc(S(=O)(=O)NCCCN(C)C)cc1,17
CHEMBL4641866,6760.0,IC50,=,COc1cc(/C=C/C(=O)O)ccc1OCc1cn(-c2cccc(Cl)c2)nn1,27
CHEMBL2019138,6790.0,IC50,=,Nc1oc2cc(Cl)ccc2c(=O)c1-c1ccccc1,19
CHEMBL1077117,7100.0,IC50,=,NS(=O)(=O)NCc1coc2ccccc12,15
CHEMBL362436,7321.0,IC50,=,O=[N+]([O-])c1ccc(S(=O)(=O)Nc2ccccc2)cc1,19
CHEMBL316997,7410.0,IC50,=,O=C(NC1CCCC1)P(=O)(O)O,12
CHEMBL2440432,7469.0,IC50,=,O=P(O)(O)C(Nc1ccc(Oc2ccc(Br)cc2)cc1)P(=O)(O)O,24
CHEMBL2019146,7590.0,IC50,=,COc1ccc(-c2c(N)oc3ccc(Cl)cc3c2=O)cc1OC,23
CHEMBL2019148,7870.0,IC50,=,COc1ccc2c(=O)c(-c3ccccc3)c(N)oc2c1,20
CHEMBL97709,7890.0,IC50,=,O=C(NC1CCCCCCC1)P(=O)(O)O,15
CHEMBL1164744,7970.0,IC50,=,CC(=O)OC1C=CC(=O)N1S(=O)(=O)c1ccc(C)cc1,20
CHEMBL24447,8000.0,IC50,=,O=C(NCCc1ccccc1)P(=O)(O)O,15
CHEMBL2019144,8070.0,IC50,=,COc1ccc(-c2c(N)oc3cc(Cl)ccc3c2=O)cc1,21
CHEMBL3310984,8071.0,IC50,=,CCCC(C)NS(=O)(=O)c1ccc(C)cc1,16
CHEMBL2440438,8199.0,IC50,=,O=P(O)(O)C(Nc1ccc(O)cc1)P(=O)(O)O,17
CHEMBL2019141,8250.0,IC50,=,Nc1oc2cc(Cl)ccc2c(=O)c1-c1ccc(Cl)cc1,20
CHEMBL2172750,8280.0,IC50,=,N[C@H]1CCCC[C@@H]1NC(=O)P(=O)(O)O,14
CHEMBL2019145,8280.0,IC50,=,COc1ccc(-c2c(N)oc3ccccc3c2=O)cc1OC,22
CHEMBL2019151,8350.0,IC50,=,COc1ccc2c(=O)c(-c3ccc(OC)c(OC)c3)c(N)oc2c1,24
CHEMBL1084675,8400.0,IC50,=,NS(=O)(=O)NCc1csc2ccc(Cl)cc12,16
CHEMBL1801471,8600.0,IC50,=,O=C(NCCN1CCCCC1)P(=O)(O)O,15
CHEMBL2019139,8660.0,IC50,=,Nc1oc2ccccc2c(=O)c1-c1ccc(Cl)cc1,19
CHEMBL2019150,8740.0,IC50,=,COc1ccc(-c2c(N)oc3cc(OC)ccc3c2=O)cc1,22
CHEMBL318664,8790.0,IC50,=,CCC(CC)NC(=O)P(=O)(O)O,12
CHEMBL329784,8810.0,IC50,=,O=C(NC1CCCCC1)P(=O)(O)O,13
CHEMBL2172748,8820.0,IC50,=,O=C(NCCCCNC(=O)P(=O)(O)O)P(=O)(O)O,18
CHEMBL2172747,8850.0,IC50,=,C[C@@H](NC(=O)P(=O)(O)O)C1CCCCC1,15
CHEMBL2019152,9020.0,IC50,=,Nc1[nH]c2ccc(Cl)cc2c(=O)c1-c1ccccc1,19
CHEMBL2440429,9091.0,IC50,=,O=P(O)(O)C(Nc1cccc2ccccc12)P(=O)(O)O,20
CHEMBL4160867,9100.0,IC50,=,O=C(/C=C/c1cn(S(=O)(=O)c2ccc(Cl)cc2Cl)c2ccccc12)c1ccncc1,30
CHEMBL97951,9230.0,IC50,=,O=C(NCC1CCCCC1)P(=O)(O)O,14
CHEMBL2019154,9330.0,IC50,=,COc1ccc(-c2cc3cc(Cl)ccc3oc2=O)cc1,20
CHEMBL55371,9371.0,IC50,=,O=P(O)(O)C(Nc1cccc(-c2ccccc2)c1)P(=O)(O)O,22
CHEMBL2440431,9371.0,IC50,=,O=P(O)(O)C(Nc1ccc(Oc2ccc(Cl)cc2)cc1)P(=O)(O)O,24
CHEMBL2019136,9430.0,IC50,=,Nc1oc2ccccc2c(=O)c1-c1ccccc1,18
CHEMBL2172746,9450.0,IC50,=,C[C@H](NC(=O)P(=O)(O)O)C1CCCCC1,15
CHEMBL2172749,9590.0,IC50,=,CCOP(=O)(OCC)C(=O)NCCCCNC(=O)P(=O)(OCC)OCC,26
CHEMBL1801472,9660.0,IC50,=,O=C(NCCN1CCCC1)P(=O)(O)O,14
CHEMBL4637712,9780.0,IC50,=,COc1cc(/C=C/C(=O)O)ccc1OCc1cn(-c2cccc(F)c2)nn1,27
CHEMBL4078353,10000.0,IC50,=,C[C@]12CC[C@@H]3c4ccc(O)cc4CC[C@H]3[C@@H]1CC[C@@H]2OC(=O)[C@@H]1CCCN1C(=O)c1cccc(-c2cccc(S(N)(=O)=O)c2)c1,45
CHEMBL2440439,10000.0,IC50,>,Cc1ccc(NC(P(=O)(O)O)P(=O)(O)O)cc1,17
CHEMBL2440435,10000.0,IC50,>,O=P(O)(O)C(Nc1cccc(C(F)(F)F)c1)P(=O)(O)O,20
CHEMBL450938,10000.0,IC50,>,O=[N+]([O-])c1cccc(NC(P(=O)(O)O)P(=O)(O)O)c1,19
CHEMBL2440440,10000.0,IC50,>,O=P(O)(O)C(Nc1ccc(C(F)(F)F)cc1)P(=O)(O)O,20
CHEMBL2440581,10000.0,IC50,>,O=P(O)(O)C(Nc1ccc(F)cc1)P(=O)(O)O,17
CHEMBL3746569,10000.0,IC50,>,NCCS(=O)(=O)Nc1cccc(Oc2cc(F)cc(Nc3ccc(I)cc3F)c2C(N)=O)c1,33
CHEMBL3291003,10000.0,IC50,>,O=C(NC(P(=O)(O)O)P(=O)(O)O)c1ccc(Br)cc1,19
CHEMBL4521594,10000.0,IC50,>,NS(=O)(=O)c1cc(NC(=O)Cc2ccccc2)ccc1Oc1cccc(Cl)c1,28
CHEMBL105380,10000.0,IC50,=,NS(=O)(=O)c1ccc(SCCCO)c(C(=O)O)c1,18
CHEMBL2336898,10000.0,IC50,>,NS(=O)(=O)c1cccc(Nc2nnc(-c3ccc(Cl)cc3)c3ccccc23)c1,28
CHEMBL2336897,10000.0,IC50,>,NS(=O)(=O)c1cccc(Nc2nnc(-c3ccccc3)c3ccccc23)c1,27
CHEMBL2336899,10000.0,IC50,>,NS(=O)(=O)c1cccc(Nc2nnc(-c3ccc(C(F)(F)F)cc3)c3ccccc23)c1,31
CHEMBL370662,10000.0,IC50,>,O=P(O)(O)C(Nc1cccc(Br)c1)P(=O)(O)O,17
CHEMBL2440441,10000.0,IC50,>,O=P(O)(O)C(Nc1ccc(Br)cc1)P(=O)(O)O,17
CHEMBL2440436,10000.0,IC50,>,O=P(O)(O)C(Nc1cccc(F)c1)P(=O)(O)O,17
CHEMBL2440433,10000.0,IC50,>,O=P(O)(O)C(Nc1ccc(Cl)c(Cl)c1)P(=O)(O)O,18
CHEMBL3291006,10000.0,IC50,>,COc1ccc(S(=O)(=O)NC(P(=O)(O)O)P(=O)(O)O)cc1,21
CHEMBL2440430,10000.0,IC50,>,O=P(O)(O)C(Nc1ccc(Oc2ccccc2)cc1)P(=O)(O)O,23
CHEMBL2440578,10000.0,IC50,>,O=[N+]([O-])c1ccc(NC(P(=O)(O)O)P(=O)(O)O)cc1,19
CHEMBL191613,10000.0,IC50,>,O=P(O)(O)C(Nc1ccc(Cl)cc1Cl)P(=O)(O)O,18
CHEMBL3291004,10000.0,IC50,>,O=P(O)(O)C(P(=O)(O)O)S(=O)(=O)c1ccc(Br)cc1,19
CHEMBL2440580,10000.0,IC50,>,O=P(O)(O)C(Nc1ccccc1)P(=O)(O)O,16
CHEMBL2336900,10000.0,IC50,>,COc1ccc(-c2nnc(Nc3cccc(S(N)(=O)=O)c3)c3ccccc23)cc1,29
CHEMBL2336903,10000.0,IC50,>,CC(C)(C)c1ccc(Nc2nnc(-c3cccc(S(N)(=O)=O)c3)c3ccccc23)cc1,31
CHEMBL2313213,10000.0,IC50,>,NS(=O)(=O)c1ccc(Nc2nnc(-c3ccccc3)c3ccccc23)cc1,27
CHEMBL2336894,10000.0,IC50,>,NS(=O)(=O)c1ccc(Nc2nnc(-c3ccc(Cl)cc3)c3ccccc23)cc1,28
CHEMBL2336895,10000.0,IC50,>,NS(=O)(=O)c1ccc(Nc2nnc(-c3ccc(C(F)(F)F)cc3)c3ccccc23)cc1,31
CHEMBL2336896,10000.0,IC50,>,COc1cccc(-c2nnc(Nc3ccc(S(N)(=O)=O)cc3)c3ccccc23)c1,29
CHEMBL3291002,10000.0,IC50,>,O=P(O)(O)C(NS(=O)(=O)c1ccc(Br)cc1)P(=O)(O)O,20
CHEMBL293479,10000.0,IC50,>,O=P(O)(O)C(Nc1ccc(-c2ccccc2)cc1)P(=O)(O)O,22
CHEMBL2440434,10000.0,IC50,>,O=[N+]([O-])c1cc(NC(P(=O)(O)O)P(=O)(O)O)ccc1F,20
CHEMBL3604469,10000.0,IC50,>,CC[S@@](=N)(=O)c1ccc(Nc2ncc(Br)c(N[C@H](C)[C@@H](C)O)n2)cc1,25
CHEMBL3962241,10000.0,IC50,>,COc1cc(F)ccc1-c1nc(Nc2cc(F)cc(CS(C)(=N)=O)c2)ncc1F,29
CHEMBL4062557,10000.0,IC50,=,C[C@]12CC[C@@H]3c4ccc(O)cc4CC[C@H]3[C@@H]1CC[C@@H]2OC(=O)[C@@H]1CCCN1S(N)(=O)=O,31
CHEMBL4442620,10000.0,IC50,>,C[C@@H](O)[C@@H](C)Oc1nc(Nc2ccc(S(=N)(=O)C3CC3)cc2)ncc1C(F)(F)F,29
CHEMBL3965161,10000.0,IC50,>,COc1cc(F)ccc1-c1nc(Nc2cccc(CS(C)(=N)=O)c2)ncc1F,28
CHEMBL3746516,10000.0,IC50,=,NC(=O)c1c(Nc2ccc(I)cc2F)cc(F)cc1Oc1ccc(F)c(NS(N)(=O)=O)c1F,33
CHEMBL4647534,10740.0,IC50,=,COc1cc(/C=C/C(=O)O)ccc1OCc1cn(-c2ccccc2F)nn1,27
CHEMBL141028,10900.0,Ki,=,NS(=O)(=O)c1ccc(NS(=O)(=O)C(F)(F)F)cc1,18
CHEMBL4177378,12100.0,IC50,=,CC(C)(C)c1ccc(S(=O)(=O)n2cc(/C=C/C(=O)c3ccncc3)c3ccccc32)cc1,32
CHEMBL354981,13000.0,Ki,=,CC1(C)O[C@@H]2O[C@@H](COS(N)(=O)=O)[C@H]3OC(C)(C)O[C@H]3[C@@H]2O1,22
CHEMBL4169670,13500.0,IC50,=,O=C(/C=C/c1cn(S(=O)(=O)c2ccc(Cl)cc2)c2ccccc12)c1ccncc1,29
CHEMBL2019147,13700.0,IC50,=,COc1ccc(-c2c(N)oc3cc(Cl)ccc3c2=O)cc1OC,23
CHEMBL97034,13870.0,IC50,=,CC(C)NC(=O)P(=O)(O)O,10
CHEMBL4632577,13980.0,IC50,=,COc1cc(/C=C/C(=O)O)ccc1OCc1cn(-c2ccccc2Cl)nn1,27
CHEMBL4072315,14000.0,IC50,=,COc1ccc(/C=C/C(=O)N[C@H]2[C@H](OC)O[C@H](CO)[C@@H](O)[C@@H]2O)cc1,25
CHEMBL4174859,14100.0,IC50,=,O=C(/C=C/c1cn(S(=O)(=O)c2ccc([N+](=O)[O-])cc2)c2ccccc12)c1ccncc1,31
CHEMBL4177384,14440.0,IC50,=,O=C1/C(=C\c2ccc([N+](=O)[O-])cc2)S/C(=N/c2ccccc2)N1Cc1ccncc1,30
CHEMBL140975,14800.0,Ki,=,NS(=O)(=O)c1ccc(NNS(=O)(=O)C(F)(F)F)cc1,19
CHEMBL169685,15000.0,Ki,=,CC1(C)O[C@H]2[C@@H](O1)[C@@H](C(=O)NNS(N)(=O)=O)O[C@@H]1OC(C)(C)O[C@@H]12,24
CHEMBL3093012,17000.0,IC50,=,NS(=O)(=O)NCC1COc2ccccc2OC1,17
CHEMBL1163131,18180.0,IC50,=,Cc1ccc(S(=O)(=O)N2CC=CC2=O)cc1,16
CHEMBL140938,18700.0,Ki,=,NS(=O)(=O)c1cccc(NS(=O)(=O)C(F)(F)F)c1,18
CHEMBL4649491,20000.0,IC50,>,COc1cc(/C=C/C(=O)O)ccc1OCc1cn(-c2ccccc2)nn1,26
CHEMBL140973,20450.0,Ki,=,NS(=O)(=O)c1ccccc1NS(=O)(=O)C(F)(F)F,18
CHEMBL1088203,21000.0,IC50,=,NS(=O)(=O)NCc1cccc2ccccc12,16
CHEMBL166696,21000.0,Ki,=,CC1(C)OC[C@@H]2O[C@@]3(C(=O)NNS(N)(=O)=O)OC(C)(C)O[C@H]3[C@@H]2O1,24
CHEMBL508732,23140.0,IC50,=,Cc1ccc(S(=O)(=O)n2cccc2)cc1,15
CHEMBL4166636,24320.0,IC50,=,O=C(/C=C/c1cn(S(=O)(=O)c2cccc([N+](=O)[O-])c2)c2ccccc12)c1ccncc1,31
CHEMBL3093001,25000.0,IC50,=,NS(=O)(=O)NCCC1COc2ccccc2O1,17
CHEMBL168447,25000.0,Ki,=,CC1(C)O[C@@H]2O[C@@H](C(=O)NS(N)(=O)=O)[C@H]3OC(C)(C)O[C@H]3[C@@H]2O1,23
CHEMBL1077134,25000.0,IC50,=,Cc1oc2ccccc2c1CNS(N)(=O)=O,16
CHEMBL4172916,27180.0,IC50,=,O=C1/C(=C\c2ccc(O)c(O)c2)S/C(=N/c2ccccc2)N1Cc1ccncc1,29
CHEMBL3093010,29000.0,IC50,=,Cc1ccc2c(c1)O[C@@H](CNS(N)(=O)=O)CO2,17
CHEMBL4177494,29350.0,IC50,=,COc1ccc(S(=O)(=O)n2cc(/C=C/C(=O)c3ccncc3)c3ccccc32)cc1,30
CHEMBL3093009,30000.0,IC50,=,NS(=O)(=O)NC[C@H]1COc2cc(Cl)c(Cl)cc2O1,18
CHEMBL1084918,30000.0,IC50,=,NS(=O)(=O)NCc1csc2ccc(F)cc12,16
CHEMBL104,30103.0,IC50,=,Clc1ccccc1C(c1ccccc1)(c1ccccc1)n1ccnc1,25
CHEMBL3093007,36000.0,IC50,=,NS(=O)(=O)NC[C@H]1COc2cc(Br)ccc2O1,17
CHEMBL3093003,36000.0,IC50,=,NS(=O)(=O)NC[C@H]1COc2ccc(Cl)cc2O1,17
CHEMBL2019137,36200.0,IC50,=,Nc1oc2ccc(Cl)cc2c(=O)c1-c1ccccc1,19
CHEMBL4167235,36210.0,IC50,=,O=C(/C=C/c1cn(S(=O)(=O)c2ccccc2[N+](=O)[O-])c2ccccc12)c1ccncc1,31
CHEMBL2019149,36700.0,IC50,=,COc1ccc2c(=O)c(-c3ccc(Cl)cc3)c(N)oc2c1,21
CHEMBL4159498,38400.0,IC50,=,Cc1ccc(S(=O)(=O)n2cc(/C=C/C(=O)c3ccncc3)c3ccccc32)cc1,29
CHEMBL4100994,40000.0,IC50,>,Cc1cnc2c(S)cccc2c1,12
CHEMBL1086777,45000.0,IC50,=,Cc1ccc2scc(CNS(N)(=O)=O)c2c1,16
CHEMBL734,47000.0,IC50,=,CC(=O)NO,5
CHEMBL1084674,48000.0,IC50,=,Cn1cc(CNS(N)(=O)=O)c2ccccc21,16
CHEMBL1332361,50000.0,IC50,>,Cc1ccc(S(=O)(=O)NCc2ccccc2)cc1,18
CHEMBL1533910,50000.0,IC50,>,COc1ccc(S(=O)(=O)Nc2ccccc2)cc1OC,20
CHEMBL182659,50000.0,IC50,>,Cc1ccc(S(=O)(=O)Nc2ccccc2)cc1,17
CHEMBL1372946,50000.0,IC50,>,Cc1ccc(S(=O)(=O)N(C)c2ccccc2)cc1,18
CHEMBL3310985,50000.0,IC50,>,CC(=O)c1ccc(S(=O)(=O)Nc2ccccc2)cc1,19
CHEMBL3093004,56000.0,IC50,=,NS(=O)(=O)NC[C@H]1COc2cccc(Cl)c2O1,17
CHEMBL1094857,65100.0,IC50,=,O=[N+]([O-])O[C@@H]1CC2CCC1[C@@H]2O,12
CHEMBL4169120,65220.0,IC50,=,O=C(/C=C/c1cn(S(=O)(=O)c2cccc3ccccc23)c2ccccc12)c1ccncc1,32
CHEMBL466517,66000.0,IC50,=,NS(=O)(=O)NCc1csc2ccccc12,15
CHEMBL402794,66906.0,IC50,=,CCCC[C@@H](CC)COC(=O)c1ccccc1C(=O)OC[C@@H](CC)CCCC,28
CHEMBL3093005,70000.0,IC50,=,NS(=O)(=O)NC[C@H]1COc2c(F)cccc2O1,17
CHEMBL177623,71000.0,IC50,=,NS(=O)(=O)NCC1Oc2ccccc2O1,15
CHEMBL175644,71000.0,IC50,=,NS(=O)(=O)NCC1CCc2ccccc2O1,16
CHEMBL1094856,73100.0,IC50,=,O=[N+]([O-])O[C@H]1CC2CCC1[C@@H]2O,12
CHEMBL148680,73900.0,IC50,=,COC(=O)c1ccccc1S(N)(=O)=O,14
CHEMBL3093006,75000.0,IC50,=,NS(=O)(=O)NC[C@H]1COc2cc(F)ccc2O1,17
CHEMBL3092998,77000.0,IC50,=,NS(=O)(=O)NC[C@@H]1COc2ccccc2O1,16
CHEMBL355001,82000.0,Ki,=,NS(N)(=O)=O,5
CHEMBL3092999,85000.0,IC50,=,CN(CC1COc2ccccc2O1)S(N)(=O)=O,17
CHEMBL1094530,86300.0,IC50,=,O=[N+]([O-])O[C@H]1C[C@H](O[N+](=O)[O-])[C@@H](O)C[C@@H]1O,16
CHEMBL68253,97000.0,Ki,=,NS(=O)(=O)O,5
CHEMBL3092997,97000.0,IC50,=,NS(=O)(=O)NC[C@H]1COc2ccccc2O1,16
CHEMBL1094528,98100.0,IC50,=,O=[N+]([O-])O[C@@H]1CC2c3ccccc3C1[C@@H]2O,16
CHEMBL352471,100000.0,Ki,>,CC1(C)O[C@@H]2[C@@H](CO[C@@]3(C(=O)NNS(N)(=O)=O)OC(C)(C)O[C@@H]23)O1,24
CHEMBL166788,100000.0,Ki,>,NS(=O)(=O)N(C1CCCCC1)C1CCCCC1,17
CHEMBL4164724,100000.0,IC50,>,CCCS(=O)(=O)n1cc(/C=C/C(=O)c2ccncc2)c2ccccc21,25
CHEMBL166288,100000.0,Ki,>,CC1(C)O[C@@H]2[C@@H](CO[C@@]3(C(=O)NS(N)(=O)=O)OC(C)(C)O[C@@H]23)O1,23
CHEMBL3291005,100000.0,IC50,>,Cc1ccc(S(=O)(=O)NC(P(=O)(O)O)P(=O)(O)O)cc1,20
CHEMBL350323,100000.0,IC50,>,COc1ccc2cc(S(N)(=O)=O)n(S(=O)(=O)c3ccccc3)c2c1,24
CHEMBL1084920,100000.0,IC50,=,NS(=O)(=O)NCc1csc2ccc(Br)cc12,16
CHEMBL26915,100000.0,IC50,>,COc1ccc(-n2nc(C(F)(F)F)cc2-c2ccc(Cl)cc2)cc1,24
CHEMBL139,100000.0,IC50,>,O=C(O)Cc1ccccc1Nc1c(Cl)cccc1Cl,19
CHEMBL338802,100000.0,IC50,>,N=C(N)NS(=O)(=O)c1ccc(N)cc1,14
CHEMBL423041,100000.0,IC50,>,CS(=O)(=O)c1ccc(-n2cc(-c3ccc(F)cc3)c(C(F)(F)F)n2)cc1,26
CHEMBL168408,100000.0,Ki,>,CC(C)N(C(C)C)S(N)(=O)=O,11
CHEMBL355690,100000.0,Ki,>,CC(C)CN(CC(C)C)S(N)(=O)=O,13
CHEMBL3291000,100000.0,IC50,>,O=P(O)(O)C(NS(=O)(=O)c1ccccc1)P(=O)(O)O,19
CHEMBL4101230,100000.0,IC50,>,Cc1cc(S)c2ncccc2c1,12
